--
-- PostgreSQL database dump
--

-- Dumped from database version 17.2
-- Dumped by pg_dump version 17.2 (Homebrew)

SET statement_timeout = 0;
SET lock_timeout = 0;
SET idle_in_transaction_session_timeout = 0;
SET transaction_timeout = 0;
SET client_encoding = 'UTF8';
SET standard_conforming_strings = on;
SELECT pg_catalog.set_config('search_path', '', false);
SET check_function_bodies = false;
SET xmloption = content;
SET client_min_messages = warning;
SET row_security = off;

SET default_tablespace = '';

SET default_table_access_method = heap;

--
-- Name: auth_group; Type: TABLE; Schema: public; Owner: postgres
--

CREATE TABLE public.auth_group (
    id integer NOT NULL,
    name character varying(150) NOT NULL
);


ALTER TABLE public.auth_group OWNER TO postgres;

--
-- Name: auth_group_id_seq; Type: SEQUENCE; Schema: public; Owner: postgres
--

ALTER TABLE public.auth_group ALTER COLUMN id ADD GENERATED BY DEFAULT AS IDENTITY (
    SEQUENCE NAME public.auth_group_id_seq
    START WITH 1
    INCREMENT BY 1
    NO MINVALUE
    NO MAXVALUE
    CACHE 1
);


--
-- Name: auth_group_permissions; Type: TABLE; Schema: public; Owner: postgres
--

CREATE TABLE public.auth_group_permissions (
    id bigint NOT NULL,
    group_id integer NOT NULL,
    permission_id integer NOT NULL
);


ALTER TABLE public.auth_group_permissions OWNER TO postgres;

--
-- Name: auth_group_permissions_id_seq; Type: SEQUENCE; Schema: public; Owner: postgres
--

ALTER TABLE public.auth_group_permissions ALTER COLUMN id ADD GENERATED BY DEFAULT AS IDENTITY (
    SEQUENCE NAME public.auth_group_permissions_id_seq
    START WITH 1
    INCREMENT BY 1
    NO MINVALUE
    NO MAXVALUE
    CACHE 1
);


--
-- Name: auth_permission; Type: TABLE; Schema: public; Owner: postgres
--

CREATE TABLE public.auth_permission (
    id integer NOT NULL,
    name character varying(255) NOT NULL,
    content_type_id integer NOT NULL,
    codename character varying(100) NOT NULL
);


ALTER TABLE public.auth_permission OWNER TO postgres;

--
-- Name: auth_permission_id_seq; Type: SEQUENCE; Schema: public; Owner: postgres
--

ALTER TABLE public.auth_permission ALTER COLUMN id ADD GENERATED BY DEFAULT AS IDENTITY (
    SEQUENCE NAME public.auth_permission_id_seq
    START WITH 1
    INCREMENT BY 1
    NO MINVALUE
    NO MAXVALUE
    CACHE 1
);


--
-- Name: django_admin_log; Type: TABLE; Schema: public; Owner: postgres
--

CREATE TABLE public.django_admin_log (
    id integer NOT NULL,
    action_time timestamp with time zone NOT NULL,
    object_id text,
    object_repr character varying(200) NOT NULL,
    action_flag smallint NOT NULL,
    change_message text NOT NULL,
    content_type_id integer,
    user_id bigint NOT NULL,
    CONSTRAINT django_admin_log_action_flag_check CHECK ((action_flag >= 0))
);


ALTER TABLE public.django_admin_log OWNER TO postgres;

--
-- Name: django_admin_log_id_seq; Type: SEQUENCE; Schema: public; Owner: postgres
--

ALTER TABLE public.django_admin_log ALTER COLUMN id ADD GENERATED BY DEFAULT AS IDENTITY (
    SEQUENCE NAME public.django_admin_log_id_seq
    START WITH 1
    INCREMENT BY 1
    NO MINVALUE
    NO MAXVALUE
    CACHE 1
);


--
-- Name: django_celery_beat_clockedschedule; Type: TABLE; Schema: public; Owner: postgres
--

CREATE TABLE public.django_celery_beat_clockedschedule (
    id integer NOT NULL,
    clocked_time timestamp with time zone NOT NULL
);


ALTER TABLE public.django_celery_beat_clockedschedule OWNER TO postgres;

--
-- Name: django_celery_beat_clockedschedule_id_seq; Type: SEQUENCE; Schema: public; Owner: postgres
--

ALTER TABLE public.django_celery_beat_clockedschedule ALTER COLUMN id ADD GENERATED BY DEFAULT AS IDENTITY (
    SEQUENCE NAME public.django_celery_beat_clockedschedule_id_seq
    START WITH 1
    INCREMENT BY 1
    NO MINVALUE
    NO MAXVALUE
    CACHE 1
);


--
-- Name: django_celery_beat_crontabschedule; Type: TABLE; Schema: public; Owner: postgres
--

CREATE TABLE public.django_celery_beat_crontabschedule (
    id integer NOT NULL,
    minute character varying(240) NOT NULL,
    hour character varying(96) NOT NULL,
    day_of_week character varying(64) NOT NULL,
    day_of_month character varying(124) NOT NULL,
    month_of_year character varying(64) NOT NULL,
    timezone character varying(63) NOT NULL
);


ALTER TABLE public.django_celery_beat_crontabschedule OWNER TO postgres;

--
-- Name: django_celery_beat_crontabschedule_id_seq; Type: SEQUENCE; Schema: public; Owner: postgres
--

ALTER TABLE public.django_celery_beat_crontabschedule ALTER COLUMN id ADD GENERATED BY DEFAULT AS IDENTITY (
    SEQUENCE NAME public.django_celery_beat_crontabschedule_id_seq
    START WITH 1
    INCREMENT BY 1
    NO MINVALUE
    NO MAXVALUE
    CACHE 1
);


--
-- Name: django_celery_beat_intervalschedule; Type: TABLE; Schema: public; Owner: postgres
--

CREATE TABLE public.django_celery_beat_intervalschedule (
    id integer NOT NULL,
    every integer NOT NULL,
    period character varying(24) NOT NULL
);


ALTER TABLE public.django_celery_beat_intervalschedule OWNER TO postgres;

--
-- Name: django_celery_beat_intervalschedule_id_seq; Type: SEQUENCE; Schema: public; Owner: postgres
--

ALTER TABLE public.django_celery_beat_intervalschedule ALTER COLUMN id ADD GENERATED BY DEFAULT AS IDENTITY (
    SEQUENCE NAME public.django_celery_beat_intervalschedule_id_seq
    START WITH 1
    INCREMENT BY 1
    NO MINVALUE
    NO MAXVALUE
    CACHE 1
);


--
-- Name: django_celery_beat_periodictask; Type: TABLE; Schema: public; Owner: postgres
--

CREATE TABLE public.django_celery_beat_periodictask (
    id integer NOT NULL,
    name character varying(200) NOT NULL,
    task character varying(200) NOT NULL,
    args text NOT NULL,
    kwargs text NOT NULL,
    queue character varying(200),
    exchange character varying(200),
    routing_key character varying(200),
    expires timestamp with time zone,
    enabled boolean NOT NULL,
    last_run_at timestamp with time zone,
    total_run_count integer NOT NULL,
    date_changed timestamp with time zone NOT NULL,
    description text NOT NULL,
    crontab_id integer,
    interval_id integer,
    solar_id integer,
    one_off boolean NOT NULL,
    start_time timestamp with time zone,
    priority integer,
    headers text NOT NULL,
    clocked_id integer,
    expire_seconds integer,
    CONSTRAINT django_celery_beat_periodictask_expire_seconds_check CHECK ((expire_seconds >= 0)),
    CONSTRAINT django_celery_beat_periodictask_priority_check CHECK ((priority >= 0)),
    CONSTRAINT django_celery_beat_periodictask_total_run_count_check CHECK ((total_run_count >= 0))
);


ALTER TABLE public.django_celery_beat_periodictask OWNER TO postgres;

--
-- Name: django_celery_beat_periodictask_id_seq; Type: SEQUENCE; Schema: public; Owner: postgres
--

ALTER TABLE public.django_celery_beat_periodictask ALTER COLUMN id ADD GENERATED BY DEFAULT AS IDENTITY (
    SEQUENCE NAME public.django_celery_beat_periodictask_id_seq
    START WITH 1
    INCREMENT BY 1
    NO MINVALUE
    NO MAXVALUE
    CACHE 1
);


--
-- Name: django_celery_beat_periodictasks; Type: TABLE; Schema: public; Owner: postgres
--

CREATE TABLE public.django_celery_beat_periodictasks (
    ident smallint NOT NULL,
    last_update timestamp with time zone NOT NULL
);


ALTER TABLE public.django_celery_beat_periodictasks OWNER TO postgres;

--
-- Name: django_celery_beat_solarschedule; Type: TABLE; Schema: public; Owner: postgres
--

CREATE TABLE public.django_celery_beat_solarschedule (
    id integer NOT NULL,
    event character varying(24) NOT NULL,
    latitude numeric(9,6) NOT NULL,
    longitude numeric(9,6) NOT NULL
);


ALTER TABLE public.django_celery_beat_solarschedule OWNER TO postgres;

--
-- Name: django_celery_beat_solarschedule_id_seq; Type: SEQUENCE; Schema: public; Owner: postgres
--

ALTER TABLE public.django_celery_beat_solarschedule ALTER COLUMN id ADD GENERATED BY DEFAULT AS IDENTITY (
    SEQUENCE NAME public.django_celery_beat_solarschedule_id_seq
    START WITH 1
    INCREMENT BY 1
    NO MINVALUE
    NO MAXVALUE
    CACHE 1
);


--
-- Name: django_content_type; Type: TABLE; Schema: public; Owner: postgres
--

CREATE TABLE public.django_content_type (
    id integer NOT NULL,
    app_label character varying(100) NOT NULL,
    model character varying(100) NOT NULL
);


ALTER TABLE public.django_content_type OWNER TO postgres;

--
-- Name: django_content_type_id_seq; Type: SEQUENCE; Schema: public; Owner: postgres
--

ALTER TABLE public.django_content_type ALTER COLUMN id ADD GENERATED BY DEFAULT AS IDENTITY (
    SEQUENCE NAME public.django_content_type_id_seq
    START WITH 1
    INCREMENT BY 1
    NO MINVALUE
    NO MAXVALUE
    CACHE 1
);


--
-- Name: django_migrations; Type: TABLE; Schema: public; Owner: postgres
--

CREATE TABLE public.django_migrations (
    id bigint NOT NULL,
    app character varying(255) NOT NULL,
    name character varying(255) NOT NULL,
    applied timestamp with time zone NOT NULL
);


ALTER TABLE public.django_migrations OWNER TO postgres;

--
-- Name: django_migrations_id_seq; Type: SEQUENCE; Schema: public; Owner: postgres
--

ALTER TABLE public.django_migrations ALTER COLUMN id ADD GENERATED BY DEFAULT AS IDENTITY (
    SEQUENCE NAME public.django_migrations_id_seq
    START WITH 1
    INCREMENT BY 1
    NO MINVALUE
    NO MAXVALUE
    CACHE 1
);


--
-- Name: django_session; Type: TABLE; Schema: public; Owner: postgres
--

CREATE TABLE public.django_session (
    session_key character varying(40) NOT NULL,
    session_data text NOT NULL,
    expire_date timestamp with time zone NOT NULL
);


ALTER TABLE public.django_session OWNER TO postgres;

--
-- Name: profitpages_publication; Type: TABLE; Schema: public; Owner: postgres
--

CREATE TABLE public.profitpages_publication (
    id bigint NOT NULL,
    description text,
    publisher_id bigint,
    title character varying(150),
    paid boolean NOT NULL,
    preview character varying(100),
    content text,
    updated_at timestamp with time zone,
    link character varying(150)
);


ALTER TABLE public.profitpages_publication OWNER TO postgres;

--
-- Name: profitpages_content_id_seq; Type: SEQUENCE; Schema: public; Owner: postgres
--

ALTER TABLE public.profitpages_publication ALTER COLUMN id ADD GENERATED BY DEFAULT AS IDENTITY (
    SEQUENCE NAME public.profitpages_content_id_seq
    START WITH 1
    INCREMENT BY 1
    NO MINVALUE
    NO MAXVALUE
    CACHE 1
);


--
-- Name: profitpages_publisher; Type: TABLE; Schema: public; Owner: postgres
--

CREATE TABLE public.profitpages_publisher (
    id bigint NOT NULL,
    nickname character varying(150),
    description text,
    user_id bigint
);


ALTER TABLE public.profitpages_publisher OWNER TO postgres;

--
-- Name: profitpages_publisher_id_seq; Type: SEQUENCE; Schema: public; Owner: postgres
--

ALTER TABLE public.profitpages_publisher ALTER COLUMN id ADD GENERATED BY DEFAULT AS IDENTITY (
    SEQUENCE NAME public.profitpages_publisher_id_seq
    START WITH 1
    INCREMENT BY 1
    NO MINVALUE
    NO MAXVALUE
    CACHE 1
);


--
-- Name: profitpages_subscription; Type: TABLE; Schema: public; Owner: postgres
--

CREATE TABLE public.profitpages_subscription (
    id bigint NOT NULL,
    is_active boolean NOT NULL,
    update_at timestamp with time zone,
    end_at timestamp with time zone,
    user_id bigint NOT NULL
);


ALTER TABLE public.profitpages_subscription OWNER TO postgres;

--
-- Name: profitpages_subscription_id_seq; Type: SEQUENCE; Schema: public; Owner: postgres
--

ALTER TABLE public.profitpages_subscription ALTER COLUMN id ADD GENERATED BY DEFAULT AS IDENTITY (
    SEQUENCE NAME public.profitpages_subscription_id_seq
    START WITH 1
    INCREMENT BY 1
    NO MINVALUE
    NO MAXVALUE
    CACHE 1
);


--
-- Name: users_payment; Type: TABLE; Schema: public; Owner: postgres
--

CREATE TABLE public.users_payment (
    id bigint NOT NULL,
    price integer NOT NULL,
    session_id character varying(300) NOT NULL,
    is_paid boolean NOT NULL,
    created_at timestamp with time zone NOT NULL,
    paid_at timestamp with time zone,
    user_id bigint,
    CONSTRAINT users_payment_price_check CHECK ((price >= 0))
);


ALTER TABLE public.users_payment OWNER TO postgres;

--
-- Name: users_payment_id_seq; Type: SEQUENCE; Schema: public; Owner: postgres
--

ALTER TABLE public.users_payment ALTER COLUMN id ADD GENERATED BY DEFAULT AS IDENTITY (
    SEQUENCE NAME public.users_payment_id_seq
    START WITH 1
    INCREMENT BY 1
    NO MINVALUE
    NO MAXVALUE
    CACHE 1
);


--
-- Name: users_user; Type: TABLE; Schema: public; Owner: postgres
--

CREATE TABLE public.users_user (
    id bigint NOT NULL,
    password character varying(128) NOT NULL,
    last_login timestamp with time zone,
    is_superuser boolean NOT NULL,
    first_name character varying(50),
    last_name character varying(50),
    is_staff boolean NOT NULL,
    is_active boolean NOT NULL,
    date_joined timestamp with time zone NOT NULL,
    email character varying(254) NOT NULL,
    phone character varying(35) NOT NULL,
    avatar character varying(100),
    description text,
    created_at date,
    is_subscribed boolean NOT NULL,
    is_publisher boolean NOT NULL,
    token_verification character varying(50)
);


ALTER TABLE public.users_user OWNER TO postgres;

--
-- Name: users_user_groups; Type: TABLE; Schema: public; Owner: postgres
--

CREATE TABLE public.users_user_groups (
    id bigint NOT NULL,
    user_id bigint NOT NULL,
    group_id integer NOT NULL
);


ALTER TABLE public.users_user_groups OWNER TO postgres;

--
-- Name: users_user_groups_id_seq; Type: SEQUENCE; Schema: public; Owner: postgres
--

ALTER TABLE public.users_user_groups ALTER COLUMN id ADD GENERATED BY DEFAULT AS IDENTITY (
    SEQUENCE NAME public.users_user_groups_id_seq
    START WITH 1
    INCREMENT BY 1
    NO MINVALUE
    NO MAXVALUE
    CACHE 1
);


--
-- Name: users_user_id_seq; Type: SEQUENCE; Schema: public; Owner: postgres
--

ALTER TABLE public.users_user ALTER COLUMN id ADD GENERATED BY DEFAULT AS IDENTITY (
    SEQUENCE NAME public.users_user_id_seq
    START WITH 1
    INCREMENT BY 1
    NO MINVALUE
    NO MAXVALUE
    CACHE 1
);


--
-- Name: users_user_user_permissions; Type: TABLE; Schema: public; Owner: postgres
--

CREATE TABLE public.users_user_user_permissions (
    id bigint NOT NULL,
    user_id bigint NOT NULL,
    permission_id integer NOT NULL
);


ALTER TABLE public.users_user_user_permissions OWNER TO postgres;

--
-- Name: users_user_user_permissions_id_seq; Type: SEQUENCE; Schema: public; Owner: postgres
--

ALTER TABLE public.users_user_user_permissions ALTER COLUMN id ADD GENERATED BY DEFAULT AS IDENTITY (
    SEQUENCE NAME public.users_user_user_permissions_id_seq
    START WITH 1
    INCREMENT BY 1
    NO MINVALUE
    NO MAXVALUE
    CACHE 1
);


--
-- Data for Name: auth_group; Type: TABLE DATA; Schema: public; Owner: postgres
--

COPY public.auth_group (id, name) FROM stdin;
1	is_moderator
\.


--
-- Data for Name: auth_group_permissions; Type: TABLE DATA; Schema: public; Owner: postgres
--

COPY public.auth_group_permissions (id, group_id, permission_id) FROM stdin;
1	1	32
2	1	33
3	1	34
4	1	35
5	1	36
6	1	25
7	1	26
8	1	27
9	1	28
10	1	29
11	1	30
12	1	31
\.


--
-- Data for Name: auth_permission; Type: TABLE DATA; Schema: public; Owner: postgres
--

COPY public.auth_permission (id, name, content_type_id, codename) FROM stdin;
1	Can add log entry	1	add_logentry
2	Can change log entry	1	change_logentry
3	Can delete log entry	1	delete_logentry
4	Can view log entry	1	view_logentry
5	Can add permission	2	add_permission
6	Can change permission	2	change_permission
7	Can delete permission	2	delete_permission
8	Can view permission	2	view_permission
9	Can add group	3	add_group
10	Can change group	3	change_group
11	Can delete group	3	delete_group
12	Can view group	3	view_group
13	Can add content type	4	add_contenttype
14	Can change content type	4	change_contenttype
15	Can delete content type	4	delete_contenttype
16	Can view content type	4	view_contenttype
17	Can add session	5	add_session
18	Can change session	5	change_session
19	Can delete session	5	delete_session
20	Can view session	5	view_session
21	Can add Пользователь	6	add_user
22	Can change Пользователь	6	change_user
23	Can delete Пользователь	6	delete_user
24	Can view Пользователь	6	view_user
25	Can add content	7	add_content
26	Can change content	7	change_content
27	Can delete content	7	delete_content
28	Can view content	7	view_content
29	Can add publisher	8	add_publisher
30	Can change publisher	8	change_publisher
31	Can delete publisher	8	delete_publisher
32	Can view publisher	8	view_publisher
33	Can add Публикация	7	add_publication
34	Can change Публикация	7	change_publication
35	Can delete Публикация	7	delete_publication
36	Can view Публикация	7	view_publication
37	Can add Подписка	9	add_subscription
38	Can change Подписка	9	change_subscription
39	Can delete Подписка	9	delete_subscription
40	Can view Подписка	9	view_subscription
41	Can add Платеж	10	add_payment
42	Can change Платеж	10	change_payment
43	Can delete Платеж	10	delete_payment
44	Can view Платеж	10	view_payment
45	Can add crontab	11	add_crontabschedule
46	Can change crontab	11	change_crontabschedule
47	Can delete crontab	11	delete_crontabschedule
48	Can view crontab	11	view_crontabschedule
49	Can add interval	12	add_intervalschedule
50	Can change interval	12	change_intervalschedule
51	Can delete interval	12	delete_intervalschedule
52	Can view interval	12	view_intervalschedule
53	Can add periodic task	13	add_periodictask
54	Can change periodic task	13	change_periodictask
55	Can delete periodic task	13	delete_periodictask
56	Can view periodic task	13	view_periodictask
57	Can add periodic task track	14	add_periodictasks
58	Can change periodic task track	14	change_periodictasks
59	Can delete periodic task track	14	delete_periodictasks
60	Can view periodic task track	14	view_periodictasks
61	Can add solar event	15	add_solarschedule
62	Can change solar event	15	change_solarschedule
63	Can delete solar event	15	delete_solarschedule
64	Can view solar event	15	view_solarschedule
65	Can add clocked	16	add_clockedschedule
66	Can change clocked	16	change_clockedschedule
67	Can delete clocked	16	delete_clockedschedule
68	Can view clocked	16	view_clockedschedule
\.


--
-- Data for Name: django_admin_log; Type: TABLE DATA; Schema: public; Owner: postgres
--

COPY public.django_admin_log (id, action_time, object_id, object_repr, action_flag, change_message, content_type_id, user_id) FROM stdin;
1	2025-01-07 19:02:51.809944+03	1	Im_kotik	1	[{"added": {}}]	8	1
2	2025-01-07 19:03:35.520294+03	2	Великий Гетсби	1	[{"added": {}}]	8	1
3	2025-01-10 19:03:58.565173+03	1	admin@example.com	2	[{"changed": {"fields": ["\\u0418\\u043c\\u044f", "\\u0424\\u0430\\u043c\\u0438\\u043b\\u0438\\u044f", "\\u0422\\u0435\\u043b\\u0435\\u0444\\u043e\\u043d"]}}]	6	1
4	2025-01-10 20:10:05.019233+03	4	Тиль Линдеманн	1	[{"added": {}}]	8	1
5	2025-01-10 20:11:30.017616+03	1	Как я придумал песню Mutter	1	[{"added": {}}]	7	1
6	2025-01-10 20:12:16.767416+03	2	Мой рассказ про Вечеринки	1	[{"added": {}}]	7	1
7	2025-01-10 20:12:24.711356+03	1	Как я придумал песню "Mutter"	2	[{"changed": {"fields": ["\\u041d\\u0430\\u0437\\u0432\\u0430\\u043d\\u0438\\u0435 \\u043f\\u0443\\u0431\\u043b\\u0438\\u043a\\u0430\\u0446\\u0438\\u0438"]}}]	7	1
8	2025-01-10 20:22:42.764952+03	2	Мой рассказ про Вечеринки	2	[{"changed": {"fields": ["\\u041f\\u0440\\u0435\\u0432\\u044c\\u044e"]}}]	7	1
9	2025-01-10 20:53:49.990524+03	2	Мой рассказ про Вечеринки	2	[{"changed": {"fields": ["\\u041f\\u0440\\u0435\\u0432\\u044c\\u044e"]}}]	7	1
10	2025-01-10 20:53:56.650625+03	2	Мой рассказ про Вечеринки	2	[{"changed": {"fields": ["\\u041f\\u0440\\u0435\\u0432\\u044c\\u044e"]}}]	7	1
11	2025-01-11 10:38:10.031887+03	3	Мои любимые котики	1	[{"added": {}}]	7	1
12	2025-01-13 16:11:42.832769+03	2	Мой рассказ про Вечеринки	2	[{"changed": {"fields": ["\\u041f\\u0440\\u0435\\u0432\\u044c\\u044e", "\\u0421\\u043e\\u0434\\u0435\\u0440\\u0436\\u0430\\u043d\\u0438\\u0435 \\u043f\\u0443\\u0431\\u043b\\u0438\\u043a\\u0430\\u0446\\u0438\\u0438"]}}]	7	1
13	2025-01-13 16:12:13.096536+03	2	Мой рассказ про Вечеринки	2	[{"changed": {"fields": ["\\u041f\\u0440\\u0435\\u0432\\u044c\\u044e"]}}]	7	1
14	2025-01-13 16:37:04.331608+03	2	Мой рассказ про Вечеринки	2	[{"changed": {"fields": ["\\u041f\\u0440\\u0435\\u0432\\u044c\\u044e"]}}]	7	1
15	2025-01-13 16:37:16.546616+03	2	Мой рассказ про Вечеринки	2	[{"changed": {"fields": ["\\u041f\\u0440\\u0435\\u0432\\u044c\\u044e"]}}]	7	1
16	2025-01-13 16:37:44.798178+03	4	Почему мы любим кошек и собак?	2	[{"changed": {"fields": ["\\u0410\\u0432\\u0442\\u043e\\u0440 \\u043f\\u0443\\u0431\\u043b\\u0438\\u043a\\u0430\\u0446\\u0438\\u0438"]}}]	7	1
17	2025-01-13 16:39:08.577663+03	1	Как я придумал песню "Mutter"	2	[{"changed": {"fields": ["\\u041f\\u0440\\u0435\\u0432\\u044c\\u044e", "\\u0421\\u043e\\u0434\\u0435\\u0440\\u0436\\u0430\\u043d\\u0438\\u0435 \\u043f\\u0443\\u0431\\u043b\\u0438\\u043a\\u0430\\u0446\\u0438\\u0438"]}}]	7	1
18	2025-01-13 16:41:37.926919+03	1	Как я придумал песню "Mutter"	2	[{"changed": {"fields": ["\\u0421\\u043e\\u0434\\u0435\\u0440\\u0436\\u0430\\u043d\\u0438\\u0435 \\u043f\\u0443\\u0431\\u043b\\u0438\\u043a\\u0430\\u0446\\u0438\\u0438"]}}]	7	1
19	2025-01-13 16:41:51.131804+03	1	Как я придумал песню "Mutter"	2	[]	7	1
20	2025-01-13 19:10:13.26421+03	4	Почему мы любим кошек и собак?	2	[{"changed": {"fields": ["\\u041e\\u043f\\u0438\\u0441\\u0430\\u043d\\u0438\\u0435 \\u043f\\u0443\\u0431\\u043b\\u0438\\u043a\\u0430\\u0446\\u0438\\u0438"]}}]	7	1
21	2025-01-13 19:15:28.744369+03	3	Мои любимые котики	2	[{"changed": {"fields": ["\\u0421\\u043e\\u0434\\u0435\\u0440\\u0436\\u0430\\u043d\\u0438\\u0435 \\u043f\\u0443\\u0431\\u043b\\u0438\\u043a\\u0430\\u0446\\u0438\\u0438"]}}]	7	1
22	2025-01-13 19:20:47.750846+03	2	Мой рассказ про Вечеринки	2	[{"changed": {"fields": ["\\u0421\\u043e\\u0434\\u0435\\u0440\\u0436\\u0430\\u043d\\u0438\\u0435 \\u043f\\u0443\\u0431\\u043b\\u0438\\u043a\\u0430\\u0446\\u0438\\u0438"]}}]	7	1
23	2025-01-13 19:45:11.989309+03	3	Тиль	1	[{"added": {}}]	6	1
24	2025-01-13 19:45:31.917353+03	4	lindemann	2	[{"changed": {"fields": ["\\u041f\\u0441\\u0435\\u0432\\u0434\\u043e\\u043d\\u0438\\u043c", "\\u041f\\u043e\\u043b\\u044c\\u0437\\u043e\\u0432\\u0430\\u0442\\u0435\\u043b\\u044c"]}}]	8	1
25	2025-01-13 19:58:58.225274+03	3	Мои любимые котики	2	[{"changed": {"fields": ["\\u0421\\u043e\\u0434\\u0435\\u0440\\u0436\\u0430\\u043d\\u0438\\u0435 \\u043f\\u0443\\u0431\\u043b\\u0438\\u043a\\u0430\\u0446\\u0438\\u0438"]}}]	7	1
26	2025-01-13 19:59:13.015021+03	2	Мой рассказ про Вечеринки	2	[{"changed": {"fields": ["\\u0421\\u043e\\u0434\\u0435\\u0440\\u0436\\u0430\\u043d\\u0438\\u0435 \\u043f\\u0443\\u0431\\u043b\\u0438\\u043a\\u0430\\u0446\\u0438\\u0438"]}}]	7	1
27	2025-01-13 19:59:19.3859+03	2	Мой рассказ про Вечеринки	2	[]	7	1
28	2025-01-13 19:59:33.258932+03	1	Как я придумал песню "Mutter"	2	[{"changed": {"fields": ["\\u0421\\u043e\\u0434\\u0435\\u0440\\u0436\\u0430\\u043d\\u0438\\u0435 \\u043f\\u0443\\u0431\\u043b\\u0438\\u043a\\u0430\\u0446\\u0438\\u0438"]}}]	7	1
29	2025-01-13 19:59:58.447641+03	3	Мои любимые котики	2	[{"changed": {"fields": ["\\u0421\\u043e\\u0434\\u0435\\u0440\\u0436\\u0430\\u043d\\u0438\\u0435 \\u043f\\u0443\\u0431\\u043b\\u0438\\u043a\\u0430\\u0446\\u0438\\u0438"]}}]	7	1
30	2025-01-13 20:00:12.695532+03	1	Как я придумал песню "Mutter"	2	[{"changed": {"fields": ["\\u0421\\u043e\\u0434\\u0435\\u0440\\u0436\\u0430\\u043d\\u0438\\u0435 \\u043f\\u0443\\u0431\\u043b\\u0438\\u043a\\u0430\\u0446\\u0438\\u0438"]}}]	7	1
31	2025-01-13 20:00:16.202459+03	1	Как я придумал песню "Mutter"	2	[]	7	1
32	2025-01-13 20:00:19.520854+03	2	Мой рассказ про Вечеринки	2	[]	7	1
33	2025-01-13 20:00:22.689023+03	3	Мои любимые котики	2	[]	7	1
34	2025-01-13 20:00:25.606337+03	4	Почему мы любим кошек и собак?	2	[]	7	1
35	2025-01-13 23:24:38.845758+03	1	admin	2	[{"changed": {"fields": ["\\u0410\\u0432\\u0430\\u0442\\u0430\\u0440"]}}]	6	1
36	2025-01-13 23:26:12.61758+03	1	admin	2	[{"changed": {"fields": ["\\u0410\\u0432\\u0430\\u0442\\u0430\\u0440"]}}]	6	1
37	2025-01-13 23:26:40.66669+03	1	admin	2	[{"changed": {"fields": ["\\u0410\\u0432\\u0430\\u0442\\u0430\\u0440"]}}]	6	1
38	2025-01-15 01:21:48.74662+03	2	Великий Гетсби	2	[{"changed": {"fields": ["\\u041f\\u043e\\u043b\\u044c\\u0437\\u043e\\u0432\\u0430\\u0442\\u0435\\u043b\\u044c"]}}]	8	1
39	2025-01-15 01:40:01.619782+03	5	Мишенька Жопка	1	[{"added": {}}]	8	1
40	2025-01-15 15:22:57.597425+03	5	Мишенька жопка	3		7	1
41	2025-01-16 12:51:14.301405+03	3	Мои любимые котики	2	[{"changed": {"fields": ["\\u041f\\u043b\\u0430\\u0442\\u043d\\u044b\\u0439"]}}]	7	1
42	2025-01-17 23:11:37.105725+03	1	admin	2	[{"changed": {"fields": ["\\u041f\\u043e\\u0434\\u043f\\u0438\\u0441\\u043a\\u0430"]}}]	6	1
43	2025-01-17 23:15:30.503726+03	1	is_moderator	1	[{"added": {}}]	3	1
44	2025-01-17 23:17:12.253309+03	1	admin	2	[{"changed": {"fields": ["Groups"]}}]	6	1
45	2025-01-17 23:17:34.040812+03	1	admin	2	[]	6	1
46	2025-01-17 23:18:28.306991+03	1	admin	2	[{"changed": {"fields": ["Staff status"]}}]	6	1
47	2025-01-18 11:28:03.118295+03	1	admin	2	[{"changed": {"fields": ["\\u041f\\u043e\\u0434\\u043f\\u0438\\u0441\\u043a\\u0430"]}}]	6	1
48	2025-01-18 13:01:33.549135+03	1	admin	2	[{"changed": {"fields": ["\\u041f\\u043e\\u0434\\u043f\\u0438\\u0441\\u043a\\u0430"]}}]	6	1
49	2025-01-18 13:06:56.014858+03	1	admin	2	[{"changed": {"fields": ["\\u041f\\u043e\\u0434\\u043f\\u0438\\u0441\\u043a\\u0430"]}}]	6	1
50	2025-01-18 13:13:08.609911+03	1	admin	2	[{"changed": {"fields": ["\\u041f\\u043e\\u0434\\u043f\\u0438\\u0441\\u043a\\u0430"]}}]	6	1
51	2025-01-18 13:13:52.950568+03	1	admin	2	[{"changed": {"fields": ["\\u041f\\u043e\\u0434\\u043f\\u0438\\u0441\\u043a\\u0430"]}}]	6	1
52	2025-01-18 13:14:13.916446+03	1	admin	2	[{"changed": {"fields": ["\\u041f\\u043e\\u0434\\u043f\\u0438\\u0441\\u043a\\u0430"]}}]	6	1
53	2025-01-18 14:02:42.478092+03	1	admin	2	[{"changed": {"fields": ["\\u041f\\u043e\\u0434\\u043f\\u0438\\u0441\\u043a\\u0430"]}}]	6	1
54	2025-01-18 14:03:44.236218+03	1	admin	2	[{"changed": {"fields": ["\\u041f\\u043e\\u0434\\u043f\\u0438\\u0441\\u043a\\u0430"]}}]	6	1
55	2025-01-18 15:40:13.136299+03	2	Михаил	2	[{"changed": {"fields": ["\\u0422\\u0435\\u043b\\u0435\\u0444\\u043e\\u043d"]}}]	6	1
56	2025-01-18 16:52:07.205533+03	5	Тестовый	2	[{"changed": {"fields": ["\\u041e \\u0441\\u0435\\u0431\\u0435", "\\u0422\\u0435\\u043b\\u0435\\u0444\\u043e\\u043d"]}}]	6	1
57	2025-01-18 17:01:34.176932+03	6	Test	2	[{"changed": {"fields": ["\\u041e \\u0441\\u0435\\u0431\\u0435"]}}]	6	1
58	2025-01-18 20:13:27.214086+03	1	admin	2	[{"changed": {"fields": ["\\u041f\\u043e\\u0434\\u043f\\u0438\\u0441\\u043a\\u0430"]}}]	6	1
59	2025-01-18 21:40:05.759612+03	376	Payment object (376)	2	[{"changed": {"fields": ["\\u0421\\u0442\\u0430\\u0442\\u0443\\u0441 \\u043f\\u0440\\u043e\\u0445\\u043e\\u0436\\u0434\\u0435\\u043d\\u0438\\u044f \\u043f\\u043b\\u0430\\u0442\\u0435\\u0436\\u0430"]}}]	10	1
60	2025-01-18 22:12:33.457905+03	376	Payment object (376)	2	[{"changed": {"fields": ["\\u0421\\u0442\\u0430\\u0442\\u0443\\u0441 \\u043f\\u0440\\u043e\\u0445\\u043e\\u0436\\u0434\\u0435\\u043d\\u0438\\u044f \\u043f\\u043b\\u0430\\u0442\\u0435\\u0436\\u0430"]}}]	10	1
61	2025-01-19 18:39:12.363426+03	403	Payment object (403)	2	[{"changed": {"fields": ["\\u0421\\u0442\\u0430\\u0442\\u0443\\u0441 \\u043f\\u0440\\u043e\\u0445\\u043e\\u0436\\u0434\\u0435\\u043d\\u0438\\u044f \\u043f\\u043b\\u0430\\u0442\\u0435\\u0436\\u0430", "\\u0414\\u0430\\u0442\\u0430 \\u043e\\u043f\\u043b\\u0430\\u0442\\u044b"]}}]	10	1
62	2025-01-19 18:40:26.787813+03	405	Payment object (405)	3		10	1
63	2025-01-19 18:40:26.787933+03	404	Payment object (404)	3		10	1
64	2025-01-19 18:40:26.787964+03	402	Payment object (402)	3		10	1
65	2025-01-19 18:40:26.787999+03	401	Payment object (401)	3		10	1
66	2025-01-19 18:40:26.788025+03	400	Payment object (400)	3		10	1
67	2025-01-19 18:40:26.788053+03	399	Payment object (399)	3		10	1
68	2025-01-19 18:40:26.788082+03	398	Payment object (398)	3		10	1
69	2025-01-19 18:40:26.788119+03	397	Payment object (397)	3		10	1
70	2025-01-19 18:40:26.788146+03	396	Payment object (396)	3		10	1
71	2025-01-19 18:40:26.788172+03	395	Payment object (395)	3		10	1
72	2025-01-19 18:40:26.788203+03	394	Payment object (394)	3		10	1
73	2025-01-19 18:40:26.788231+03	393	Payment object (393)	3		10	1
74	2025-01-19 18:40:26.78826+03	392	Payment object (392)	3		10	1
75	2025-01-19 18:40:26.788287+03	391	Payment object (391)	3		10	1
76	2025-01-19 18:40:26.788315+03	390	Payment object (390)	3		10	1
77	2025-01-19 18:40:26.788348+03	389	Payment object (389)	3		10	1
78	2025-01-19 18:40:26.788388+03	388	Payment object (388)	3		10	1
79	2025-01-19 18:40:26.788414+03	387	Payment object (387)	3		10	1
80	2025-01-19 18:40:26.788445+03	386	Payment object (386)	3		10	1
81	2025-01-19 18:40:26.788474+03	385	Payment object (385)	3		10	1
82	2025-01-19 18:40:26.788501+03	384	Payment object (384)	3		10	1
83	2025-01-19 18:40:26.788527+03	383	Payment object (383)	3		10	1
84	2025-01-19 18:40:26.788555+03	382	Payment object (382)	3		10	1
85	2025-01-19 18:40:26.788606+03	381	Payment object (381)	3		10	1
86	2025-01-19 18:40:26.788632+03	380	Payment object (380)	3		10	1
87	2025-01-19 18:40:26.788659+03	379	Payment object (379)	3		10	1
88	2025-01-19 18:40:26.788693+03	378	Payment object (378)	3		10	1
89	2025-01-19 18:40:26.788719+03	377	Payment object (377)	3		10	1
90	2025-01-19 18:40:26.788747+03	376	Payment object (376)	3		10	1
91	2025-01-19 18:40:26.788772+03	375	Payment object (375)	3		10	1
92	2025-01-19 18:40:26.788797+03	374	Payment object (374)	3		10	1
93	2025-01-19 18:40:26.788824+03	373	Payment object (373)	3		10	1
94	2025-01-19 18:40:26.788849+03	372	Payment object (372)	3		10	1
95	2025-01-19 18:40:26.788876+03	371	Payment object (371)	3		10	1
96	2025-01-19 18:40:26.788903+03	370	Payment object (370)	3		10	1
97	2025-01-19 18:40:26.788929+03	369	Payment object (369)	3		10	1
98	2025-01-19 18:40:26.788954+03	368	Payment object (368)	3		10	1
99	2025-01-19 18:40:26.788981+03	367	Payment object (367)	3		10	1
100	2025-01-19 18:40:26.789024+03	366	Payment object (366)	3		10	1
101	2025-01-19 18:40:26.78905+03	365	Payment object (365)	3		10	1
102	2025-01-19 18:40:26.789075+03	364	Payment object (364)	3		10	1
103	2025-01-19 18:40:26.7891+03	363	Payment object (363)	3		10	1
104	2025-01-19 18:40:26.789124+03	362	Payment object (362)	3		10	1
105	2025-01-19 18:40:26.78915+03	361	Payment object (361)	3		10	1
106	2025-01-19 18:40:26.794662+03	360	Payment object (360)	3		10	1
107	2025-01-19 18:40:26.794714+03	359	Payment object (359)	3		10	1
108	2025-01-19 18:40:26.794738+03	358	Payment object (358)	3		10	1
109	2025-01-19 18:40:26.794759+03	357	Payment object (357)	3		10	1
110	2025-01-19 18:40:26.79478+03	356	Payment object (356)	3		10	1
111	2025-01-19 18:40:26.794799+03	355	Payment object (355)	3		10	1
112	2025-01-19 18:40:26.794819+03	354	Payment object (354)	3		10	1
113	2025-01-19 18:40:26.794838+03	353	Payment object (353)	3		10	1
114	2025-01-19 18:40:26.794857+03	352	Payment object (352)	3		10	1
115	2025-01-19 18:40:26.794878+03	351	Payment object (351)	3		10	1
116	2025-01-19 18:40:26.794897+03	350	Payment object (350)	3		10	1
117	2025-01-19 18:40:26.794915+03	349	Payment object (349)	3		10	1
118	2025-01-19 18:40:26.794935+03	348	Payment object (348)	3		10	1
119	2025-01-19 18:40:26.794953+03	347	Payment object (347)	3		10	1
120	2025-01-19 18:40:26.794971+03	346	Payment object (346)	3		10	1
121	2025-01-19 18:40:26.794989+03	345	Payment object (345)	3		10	1
122	2025-01-19 18:40:26.795007+03	344	Payment object (344)	3		10	1
123	2025-01-19 18:40:26.795024+03	343	Payment object (343)	3		10	1
124	2025-01-19 18:40:26.795042+03	342	Payment object (342)	3		10	1
125	2025-01-19 18:40:26.79506+03	341	Payment object (341)	3		10	1
126	2025-01-19 18:40:26.795078+03	340	Payment object (340)	3		10	1
127	2025-01-19 18:40:26.795133+03	339	Payment object (339)	3		10	1
128	2025-01-19 18:40:26.795152+03	338	Payment object (338)	3		10	1
129	2025-01-19 18:40:26.79517+03	337	Payment object (337)	3		10	1
130	2025-01-19 18:40:26.795187+03	336	Payment object (336)	3		10	1
131	2025-01-19 18:40:26.795205+03	335	Payment object (335)	3		10	1
132	2025-01-19 18:40:26.795223+03	334	Payment object (334)	3		10	1
133	2025-01-19 18:40:26.795241+03	333	Payment object (333)	3		10	1
134	2025-01-19 18:40:26.795259+03	332	Payment object (332)	3		10	1
135	2025-01-19 18:40:26.795278+03	331	Payment object (331)	3		10	1
136	2025-01-19 18:40:26.795295+03	330	Payment object (330)	3		10	1
137	2025-01-19 18:40:26.795313+03	329	Payment object (329)	3		10	1
138	2025-01-19 18:40:26.795331+03	328	Payment object (328)	3		10	1
139	2025-01-19 18:40:26.795357+03	327	Payment object (327)	3		10	1
140	2025-01-19 18:40:26.795376+03	326	Payment object (326)	3		10	1
141	2025-01-19 18:40:26.795394+03	325	Payment object (325)	3		10	1
142	2025-01-19 18:40:26.795412+03	324	Payment object (324)	3		10	1
143	2025-01-19 18:40:26.795429+03	323	Payment object (323)	3		10	1
144	2025-01-19 18:40:26.795447+03	322	Payment object (322)	3		10	1
145	2025-01-19 18:40:26.795465+03	321	Payment object (321)	3		10	1
146	2025-01-19 18:40:26.795483+03	320	Payment object (320)	3		10	1
147	2025-01-19 18:40:26.795501+03	319	Payment object (319)	3		10	1
148	2025-01-19 18:40:26.795519+03	318	Payment object (318)	3		10	1
149	2025-01-19 18:40:26.795536+03	317	Payment object (317)	3		10	1
150	2025-01-19 18:40:26.795554+03	316	Payment object (316)	3		10	1
151	2025-01-19 18:40:26.795572+03	315	Payment object (315)	3		10	1
152	2025-01-19 18:40:26.79559+03	314	Payment object (314)	3		10	1
153	2025-01-19 18:40:26.795607+03	313	Payment object (313)	3		10	1
154	2025-01-19 18:40:26.795625+03	312	Payment object (312)	3		10	1
155	2025-01-19 18:40:26.795647+03	311	Payment object (311)	3		10	1
156	2025-01-19 18:40:26.795665+03	310	Payment object (310)	3		10	1
157	2025-01-19 18:40:26.795683+03	309	Payment object (309)	3		10	1
158	2025-01-19 18:40:26.795701+03	308	Payment object (308)	3		10	1
159	2025-01-19 18:40:26.795719+03	307	Payment object (307)	3		10	1
160	2025-01-19 18:40:26.795736+03	306	Payment object (306)	3		10	1
161	2025-01-19 18:40:36.155008+03	305	Payment object (305)	3		10	1
162	2025-01-19 18:40:36.155158+03	304	Payment object (304)	3		10	1
163	2025-01-19 18:40:36.155184+03	303	Payment object (303)	3		10	1
164	2025-01-19 18:40:36.155205+03	302	Payment object (302)	3		10	1
165	2025-01-19 18:40:36.155227+03	301	Payment object (301)	3		10	1
166	2025-01-19 18:40:36.155249+03	300	Payment object (300)	3		10	1
167	2025-01-19 18:40:36.15527+03	299	Payment object (299)	3		10	1
168	2025-01-19 18:40:36.155291+03	298	Payment object (298)	3		10	1
169	2025-01-19 18:40:36.155311+03	297	Payment object (297)	3		10	1
170	2025-01-19 18:40:36.155332+03	296	Payment object (296)	3		10	1
171	2025-01-19 18:40:36.155353+03	295	Payment object (295)	3		10	1
172	2025-01-19 18:40:36.155373+03	294	Payment object (294)	3		10	1
173	2025-01-19 18:40:36.155401+03	293	Payment object (293)	3		10	1
174	2025-01-19 18:40:36.155422+03	292	Payment object (292)	3		10	1
175	2025-01-19 18:40:36.155443+03	291	Payment object (291)	3		10	1
176	2025-01-19 18:40:36.155464+03	290	Payment object (290)	3		10	1
177	2025-01-19 18:40:36.155494+03	289	Payment object (289)	3		10	1
178	2025-01-19 18:40:36.155516+03	288	Payment object (288)	3		10	1
179	2025-01-19 18:40:36.155537+03	287	Payment object (287)	3		10	1
180	2025-01-19 18:40:36.155558+03	286	Payment object (286)	3		10	1
181	2025-01-19 18:40:36.155581+03	285	Payment object (285)	3		10	1
182	2025-01-19 18:40:36.155602+03	284	Payment object (284)	3		10	1
183	2025-01-19 18:40:36.155624+03	283	Payment object (283)	3		10	1
184	2025-01-19 18:40:36.155645+03	282	Payment object (282)	3		10	1
185	2025-01-19 18:40:36.155666+03	281	Payment object (281)	3		10	1
186	2025-01-19 18:40:36.155703+03	280	Payment object (280)	3		10	1
187	2025-01-19 18:40:36.155725+03	279	Payment object (279)	3		10	1
188	2025-01-19 18:40:36.155746+03	278	Payment object (278)	3		10	1
189	2025-01-19 18:40:36.155767+03	277	Payment object (277)	3		10	1
190	2025-01-19 18:40:36.155788+03	276	Payment object (276)	3		10	1
191	2025-01-19 18:40:36.155809+03	275	Payment object (275)	3		10	1
192	2025-01-19 18:40:36.155842+03	274	Payment object (274)	3		10	1
193	2025-01-19 18:40:36.155863+03	273	Payment object (273)	3		10	1
194	2025-01-19 18:40:36.155884+03	272	Payment object (272)	3		10	1
195	2025-01-19 18:40:36.155904+03	271	Payment object (271)	3		10	1
196	2025-01-19 18:40:36.15593+03	270	Payment object (270)	3		10	1
197	2025-01-19 18:40:36.15595+03	269	Payment object (269)	3		10	1
198	2025-01-19 18:40:36.155997+03	268	Payment object (268)	3		10	1
199	2025-01-19 18:40:36.156047+03	267	Payment object (267)	3		10	1
200	2025-01-19 18:40:36.156072+03	266	Payment object (266)	3		10	1
201	2025-01-19 18:40:36.156095+03	265	Payment object (265)	3		10	1
202	2025-01-19 18:40:36.156118+03	264	Payment object (264)	3		10	1
203	2025-01-19 18:40:36.156139+03	263	Payment object (263)	3		10	1
204	2025-01-19 18:40:36.15616+03	262	Payment object (262)	3		10	1
205	2025-01-19 18:40:36.156182+03	261	Payment object (261)	3		10	1
206	2025-01-19 18:40:36.156204+03	260	Payment object (260)	3		10	1
207	2025-01-19 18:40:36.156241+03	259	Payment object (259)	3		10	1
208	2025-01-19 18:40:36.156263+03	258	Payment object (258)	3		10	1
209	2025-01-19 18:40:36.15629+03	257	Payment object (257)	3		10	1
210	2025-01-19 18:40:36.156314+03	256	Payment object (256)	3		10	1
211	2025-01-19 18:40:36.156336+03	255	Payment object (255)	3		10	1
212	2025-01-19 18:40:36.156357+03	254	Payment object (254)	3		10	1
213	2025-01-19 18:40:36.156378+03	253	Payment object (253)	3		10	1
214	2025-01-19 18:40:36.156399+03	252	Payment object (252)	3		10	1
215	2025-01-19 18:40:36.156419+03	251	Payment object (251)	3		10	1
216	2025-01-19 18:40:36.156439+03	250	Payment object (250)	3		10	1
217	2025-01-19 18:40:36.156459+03	249	Payment object (249)	3		10	1
218	2025-01-19 18:40:36.15648+03	248	Payment object (248)	3		10	1
219	2025-01-19 18:40:36.156504+03	247	Payment object (247)	3		10	1
220	2025-01-19 18:40:36.156525+03	246	Payment object (246)	3		10	1
221	2025-01-19 18:40:36.156545+03	245	Payment object (245)	3		10	1
222	2025-01-19 18:40:36.156565+03	244	Payment object (244)	3		10	1
223	2025-01-19 18:40:36.156585+03	243	Payment object (243)	3		10	1
224	2025-01-19 18:40:36.156605+03	242	Payment object (242)	3		10	1
225	2025-01-19 18:40:36.156631+03	241	Payment object (241)	3		10	1
226	2025-01-19 18:40:36.156655+03	240	Payment object (240)	3		10	1
227	2025-01-19 18:40:36.15669+03	239	Payment object (239)	3		10	1
228	2025-01-19 18:40:36.156711+03	238	Payment object (238)	3		10	1
229	2025-01-19 18:40:36.156731+03	237	Payment object (237)	3		10	1
230	2025-01-19 18:40:36.156757+03	236	Payment object (236)	3		10	1
231	2025-01-19 18:40:36.156778+03	235	Payment object (235)	3		10	1
232	2025-01-19 18:40:36.156798+03	234	Payment object (234)	3		10	1
233	2025-01-19 18:40:36.156817+03	233	Payment object (233)	3		10	1
234	2025-01-19 18:40:36.156837+03	232	Payment object (232)	3		10	1
235	2025-01-19 18:40:36.156857+03	231	Payment object (231)	3		10	1
236	2025-01-19 18:40:36.156877+03	230	Payment object (230)	3		10	1
237	2025-01-19 18:40:36.156898+03	229	Payment object (229)	3		10	1
238	2025-01-19 18:40:36.156921+03	228	Payment object (228)	3		10	1
239	2025-01-19 18:40:36.156941+03	227	Payment object (227)	3		10	1
240	2025-01-19 18:40:36.156962+03	226	Payment object (226)	3		10	1
241	2025-01-19 18:40:36.156982+03	225	Payment object (225)	3		10	1
242	2025-01-19 18:40:36.157001+03	224	Payment object (224)	3		10	1
243	2025-01-19 18:40:36.157021+03	223	Payment object (223)	3		10	1
244	2025-01-19 18:40:36.157039+03	222	Payment object (222)	3		10	1
245	2025-01-19 18:40:36.157059+03	221	Payment object (221)	3		10	1
246	2025-01-19 18:40:36.157079+03	220	Payment object (220)	3		10	1
247	2025-01-19 18:40:36.157113+03	219	Payment object (219)	3		10	1
248	2025-01-19 18:40:36.157139+03	218	Payment object (218)	3		10	1
249	2025-01-19 18:40:36.157163+03	217	Payment object (217)	3		10	1
250	2025-01-19 18:40:36.157211+03	216	Payment object (216)	3		10	1
251	2025-01-19 18:40:36.157246+03	215	Payment object (215)	3		10	1
252	2025-01-19 18:40:36.157271+03	214	Payment object (214)	3		10	1
253	2025-01-19 18:40:36.157293+03	213	Payment object (213)	3		10	1
254	2025-01-19 18:40:36.157325+03	212	Payment object (212)	3		10	1
255	2025-01-19 18:40:36.157347+03	211	Payment object (211)	3		10	1
256	2025-01-19 18:40:36.157369+03	210	Payment object (210)	3		10	1
257	2025-01-19 18:40:36.157389+03	209	Payment object (209)	3		10	1
258	2025-01-19 18:40:36.15741+03	208	Payment object (208)	3		10	1
259	2025-01-19 18:40:36.15743+03	207	Payment object (207)	3		10	1
260	2025-01-19 18:40:44.485622+03	206	Payment object (206)	3		10	1
261	2025-01-19 18:40:44.485705+03	205	Payment object (205)	3		10	1
262	2025-01-19 18:40:44.48573+03	204	Payment object (204)	3		10	1
263	2025-01-19 18:40:44.485752+03	203	Payment object (203)	3		10	1
264	2025-01-19 18:40:44.485774+03	202	Payment object (202)	3		10	1
265	2025-01-19 18:40:44.485796+03	201	Payment object (201)	3		10	1
266	2025-01-19 18:40:44.485818+03	200	Payment object (200)	3		10	1
267	2025-01-19 18:40:44.485839+03	199	Payment object (199)	3		10	1
268	2025-01-19 18:40:44.48586+03	198	Payment object (198)	3		10	1
269	2025-01-19 18:40:44.485881+03	197	Payment object (197)	3		10	1
270	2025-01-19 18:40:44.485902+03	196	Payment object (196)	3		10	1
271	2025-01-19 18:40:44.485923+03	195	Payment object (195)	3		10	1
272	2025-01-19 18:40:44.485944+03	194	Payment object (194)	3		10	1
273	2025-01-19 18:40:44.485964+03	193	Payment object (193)	3		10	1
274	2025-01-19 18:40:44.485985+03	192	Payment object (192)	3		10	1
275	2025-01-19 18:40:44.486006+03	191	Payment object (191)	3		10	1
276	2025-01-19 18:40:44.486027+03	190	Payment object (190)	3		10	1
277	2025-01-19 18:40:44.486048+03	189	Payment object (189)	3		10	1
278	2025-01-19 18:40:44.486069+03	188	Payment object (188)	3		10	1
279	2025-01-19 18:40:44.486091+03	187	Payment object (187)	3		10	1
280	2025-01-19 18:40:44.486111+03	186	Payment object (186)	3		10	1
281	2025-01-19 18:40:44.486132+03	185	Payment object (185)	3		10	1
282	2025-01-19 18:40:44.486153+03	184	Payment object (184)	3		10	1
283	2025-01-19 18:40:44.486174+03	183	Payment object (183)	3		10	1
284	2025-01-19 18:40:44.486205+03	182	Payment object (182)	3		10	1
285	2025-01-19 18:40:44.486229+03	181	Payment object (181)	3		10	1
286	2025-01-19 18:40:44.486251+03	180	Payment object (180)	3		10	1
287	2025-01-19 18:40:44.486272+03	179	Payment object (179)	3		10	1
288	2025-01-19 18:40:44.486292+03	178	Payment object (178)	3		10	1
289	2025-01-19 18:40:44.486312+03	177	Payment object (177)	3		10	1
290	2025-01-19 18:40:44.486334+03	176	Payment object (176)	3		10	1
291	2025-01-19 18:40:44.486355+03	175	Payment object (175)	3		10	1
292	2025-01-19 18:40:44.486406+03	174	Payment object (174)	3		10	1
293	2025-01-19 18:40:44.48643+03	173	Payment object (173)	3		10	1
294	2025-01-19 18:40:44.486451+03	172	Payment object (172)	3		10	1
295	2025-01-19 18:40:44.486472+03	171	Payment object (171)	3		10	1
296	2025-01-19 18:40:44.486492+03	170	Payment object (170)	3		10	1
297	2025-01-19 18:40:44.486513+03	169	Payment object (169)	3		10	1
298	2025-01-19 18:40:44.486533+03	168	Payment object (168)	3		10	1
299	2025-01-19 18:40:44.486555+03	167	Payment object (167)	3		10	1
300	2025-01-19 18:40:44.486575+03	166	Payment object (166)	3		10	1
301	2025-01-19 18:40:44.486597+03	165	Payment object (165)	3		10	1
302	2025-01-19 18:40:44.486618+03	164	Payment object (164)	3		10	1
303	2025-01-19 18:40:44.486639+03	163	Payment object (163)	3		10	1
304	2025-01-19 18:40:44.486659+03	162	Payment object (162)	3		10	1
305	2025-01-19 18:40:44.486679+03	161	Payment object (161)	3		10	1
306	2025-01-19 18:40:44.4867+03	160	Payment object (160)	3		10	1
307	2025-01-19 18:40:44.486721+03	159	Payment object (159)	3		10	1
308	2025-01-19 18:40:44.486743+03	158	Payment object (158)	3		10	1
309	2025-01-19 18:40:44.486763+03	157	Payment object (157)	3		10	1
310	2025-01-19 18:40:44.486785+03	156	Payment object (156)	3		10	1
311	2025-01-19 18:40:44.486806+03	155	Payment object (155)	3		10	1
312	2025-01-19 18:40:44.486827+03	154	Payment object (154)	3		10	1
313	2025-01-19 18:40:44.486848+03	153	Payment object (153)	3		10	1
314	2025-01-19 18:40:44.486869+03	152	Payment object (152)	3		10	1
315	2025-01-19 18:40:44.486889+03	151	Payment object (151)	3		10	1
316	2025-01-19 18:40:44.486913+03	150	Payment object (150)	3		10	1
317	2025-01-19 18:40:44.486935+03	149	Payment object (149)	3		10	1
318	2025-01-19 18:40:44.486955+03	148	Payment object (148)	3		10	1
319	2025-01-19 18:40:44.486975+03	147	Payment object (147)	3		10	1
320	2025-01-19 18:40:44.486994+03	146	Payment object (146)	3		10	1
321	2025-01-19 18:40:44.487014+03	145	Payment object (145)	3		10	1
322	2025-01-19 18:40:44.487034+03	144	Payment object (144)	3		10	1
323	2025-01-19 18:40:44.487053+03	143	Payment object (143)	3		10	1
324	2025-01-19 18:40:44.487074+03	142	Payment object (142)	3		10	1
325	2025-01-19 18:40:44.487098+03	141	Payment object (141)	3		10	1
326	2025-01-19 18:40:44.487119+03	140	Payment object (140)	3		10	1
327	2025-01-19 18:40:44.487139+03	139	Payment object (139)	3		10	1
328	2025-01-19 18:40:44.487159+03	138	Payment object (138)	3		10	1
329	2025-01-19 18:40:44.487181+03	137	Payment object (137)	3		10	1
330	2025-01-19 18:40:44.487201+03	136	Payment object (136)	3		10	1
331	2025-01-19 18:40:44.487222+03	135	Payment object (135)	3		10	1
332	2025-01-19 18:40:44.487243+03	134	Payment object (134)	3		10	1
333	2025-01-19 18:40:44.487263+03	133	Payment object (133)	3		10	1
334	2025-01-19 18:40:44.487283+03	132	Payment object (132)	3		10	1
335	2025-01-19 18:40:44.487303+03	131	Payment object (131)	3		10	1
336	2025-01-19 18:40:44.487323+03	130	Payment object (130)	3		10	1
337	2025-01-19 18:40:44.487346+03	129	Payment object (129)	3		10	1
338	2025-01-19 18:40:44.487367+03	128	Payment object (128)	3		10	1
339	2025-01-19 18:40:44.487387+03	127	Payment object (127)	3		10	1
340	2025-01-19 18:40:44.487407+03	126	Payment object (126)	3		10	1
341	2025-01-19 18:40:44.487428+03	125	Payment object (125)	3		10	1
342	2025-01-19 18:40:44.487449+03	124	Payment object (124)	3		10	1
343	2025-01-19 18:40:44.487469+03	123	Payment object (123)	3		10	1
344	2025-01-19 18:40:44.48749+03	122	Payment object (122)	3		10	1
345	2025-01-19 18:40:44.487511+03	121	Payment object (121)	3		10	1
346	2025-01-19 18:40:44.487531+03	120	Payment object (120)	3		10	1
347	2025-01-19 18:40:44.487551+03	119	Payment object (119)	3		10	1
348	2025-01-19 18:40:44.487572+03	118	Payment object (118)	3		10	1
349	2025-01-19 18:40:44.487593+03	117	Payment object (117)	3		10	1
350	2025-01-19 18:40:44.487613+03	116	Payment object (116)	3		10	1
351	2025-01-19 18:40:44.487634+03	115	Payment object (115)	3		10	1
352	2025-01-19 18:40:44.487654+03	114	Payment object (114)	3		10	1
353	2025-01-19 18:40:44.487677+03	113	Payment object (113)	3		10	1
354	2025-01-19 18:40:44.487697+03	112	Payment object (112)	3		10	1
355	2025-01-19 18:40:44.487718+03	111	Payment object (111)	3		10	1
356	2025-01-19 18:40:44.487738+03	110	Payment object (110)	3		10	1
357	2025-01-19 18:40:44.487759+03	109	Payment object (109)	3		10	1
358	2025-01-19 18:40:44.487779+03	108	Payment object (108)	3		10	1
359	2025-01-19 18:40:53.02144+03	107	Payment object (107)	3		10	1
360	2025-01-19 18:40:53.021579+03	106	Payment object (106)	3		10	1
361	2025-01-19 18:40:53.021619+03	105	Payment object (105)	3		10	1
362	2025-01-19 18:40:53.021653+03	104	Payment object (104)	3		10	1
363	2025-01-19 18:40:53.021686+03	103	Payment object (103)	3		10	1
364	2025-01-19 18:40:53.021719+03	102	Payment object (102)	3		10	1
365	2025-01-19 18:40:53.021752+03	101	Payment object (101)	3		10	1
366	2025-01-19 18:40:53.021773+03	100	Payment object (100)	3		10	1
367	2025-01-19 18:40:53.021797+03	99	Payment object (99)	3		10	1
368	2025-01-19 18:40:53.021818+03	98	Payment object (98)	3		10	1
369	2025-01-19 18:40:53.02184+03	97	Payment object (97)	3		10	1
370	2025-01-19 18:40:53.021861+03	96	Payment object (96)	3		10	1
371	2025-01-19 18:40:53.021883+03	95	Payment object (95)	3		10	1
372	2025-01-19 18:40:53.021905+03	94	Payment object (94)	3		10	1
373	2025-01-19 18:40:53.021926+03	93	Payment object (93)	3		10	1
374	2025-01-19 18:40:53.02195+03	92	Payment object (92)	3		10	1
375	2025-01-19 18:40:53.022289+03	91	Payment object (91)	3		10	1
376	2025-01-19 18:40:53.022312+03	90	Payment object (90)	3		10	1
377	2025-01-19 18:40:53.022336+03	89	Payment object (89)	3		10	1
378	2025-01-19 18:40:53.022357+03	88	Payment object (88)	3		10	1
379	2025-01-19 18:40:53.022377+03	87	Payment object (87)	3		10	1
380	2025-01-19 18:40:53.022399+03	86	Payment object (86)	3		10	1
381	2025-01-19 18:40:53.022421+03	85	Payment object (85)	3		10	1
382	2025-01-19 18:40:53.022443+03	84	Payment object (84)	3		10	1
383	2025-01-19 18:40:53.022463+03	83	Payment object (83)	3		10	1
384	2025-01-19 18:40:53.022485+03	82	Payment object (82)	3		10	1
385	2025-01-19 18:40:53.022505+03	81	Payment object (81)	3		10	1
386	2025-01-19 18:40:53.022526+03	80	Payment object (80)	3		10	1
387	2025-01-19 18:40:53.022548+03	79	Payment object (79)	3		10	1
388	2025-01-19 18:40:53.022584+03	78	Payment object (78)	3		10	1
389	2025-01-19 18:40:53.022606+03	77	Payment object (77)	3		10	1
390	2025-01-19 18:40:53.022628+03	76	Payment object (76)	3		10	1
391	2025-01-19 18:40:53.022651+03	75	Payment object (75)	3		10	1
392	2025-01-19 18:40:53.022673+03	74	Payment object (74)	3		10	1
393	2025-01-19 18:40:53.022694+03	73	Payment object (73)	3		10	1
394	2025-01-19 18:40:53.022715+03	72	Payment object (72)	3		10	1
395	2025-01-19 18:40:53.022737+03	71	Payment object (71)	3		10	1
396	2025-01-19 18:40:53.022757+03	70	Payment object (70)	3		10	1
397	2025-01-19 18:40:53.022778+03	69	Payment object (69)	3		10	1
398	2025-01-19 18:40:53.022799+03	68	Payment object (68)	3		10	1
399	2025-01-19 18:40:53.022822+03	67	Payment object (67)	3		10	1
400	2025-01-19 18:40:53.022845+03	66	Payment object (66)	3		10	1
401	2025-01-19 18:40:53.022873+03	65	Payment object (65)	3		10	1
402	2025-01-19 18:40:53.022893+03	64	Payment object (64)	3		10	1
403	2025-01-19 18:40:53.022915+03	63	Payment object (63)	3		10	1
404	2025-01-19 18:40:53.022936+03	62	Payment object (62)	3		10	1
405	2025-01-19 18:40:53.022956+03	61	Payment object (61)	3		10	1
406	2025-01-19 18:40:53.022977+03	60	Payment object (60)	3		10	1
407	2025-01-19 18:40:53.022998+03	59	Payment object (59)	3		10	1
408	2025-01-19 18:40:53.023019+03	58	Payment object (58)	3		10	1
409	2025-01-19 18:40:53.023042+03	57	Payment object (57)	3		10	1
410	2025-01-19 18:40:53.023064+03	56	Payment object (56)	3		10	1
411	2025-01-19 18:40:53.023084+03	55	Payment object (55)	3		10	1
412	2025-01-19 18:40:53.023104+03	54	Payment object (54)	3		10	1
413	2025-01-19 18:40:53.023124+03	53	Payment object (53)	3		10	1
414	2025-01-19 18:40:53.023145+03	52	Payment object (52)	3		10	1
415	2025-01-19 18:40:53.023166+03	51	Payment object (51)	3		10	1
416	2025-01-19 18:40:53.023188+03	50	Payment object (50)	3		10	1
417	2025-01-19 18:40:53.02321+03	49	Payment object (49)	3		10	1
418	2025-01-19 18:40:53.02323+03	48	Payment object (48)	3		10	1
419	2025-01-19 18:40:53.023249+03	47	Payment object (47)	3		10	1
420	2025-01-19 18:40:53.023269+03	46	Payment object (46)	3		10	1
421	2025-01-19 18:40:53.02329+03	45	Payment object (45)	3		10	1
422	2025-01-19 18:40:53.023311+03	44	Payment object (44)	3		10	1
423	2025-01-19 18:40:53.023331+03	43	Payment object (43)	3		10	1
424	2025-01-19 18:40:53.023352+03	42	Payment object (42)	3		10	1
425	2025-01-19 18:40:53.023373+03	41	Payment object (41)	3		10	1
426	2025-01-19 18:40:53.023394+03	40	Payment object (40)	3		10	1
427	2025-01-19 18:40:53.023414+03	39	Payment object (39)	3		10	1
428	2025-01-19 18:40:53.023434+03	38	Payment object (38)	3		10	1
429	2025-01-19 18:40:53.023455+03	37	Payment object (37)	3		10	1
430	2025-01-19 18:40:53.023475+03	36	Payment object (36)	3		10	1
431	2025-01-19 18:40:53.023495+03	35	Payment object (35)	3		10	1
432	2025-01-19 18:40:53.023517+03	34	Payment object (34)	3		10	1
433	2025-01-19 18:40:53.023538+03	33	Payment object (33)	3		10	1
434	2025-01-19 18:40:53.023559+03	32	Payment object (32)	3		10	1
435	2025-01-19 18:40:53.02358+03	31	Payment object (31)	3		10	1
436	2025-01-19 18:40:53.023625+03	30	Payment object (30)	3		10	1
437	2025-01-19 18:40:53.023647+03	29	Payment object (29)	3		10	1
438	2025-01-19 18:40:53.023667+03	28	Payment object (28)	3		10	1
439	2025-01-19 18:40:53.023687+03	27	Payment object (27)	3		10	1
440	2025-01-19 18:40:53.023708+03	26	Payment object (26)	3		10	1
441	2025-01-19 18:40:53.023728+03	25	Payment object (25)	3		10	1
442	2025-01-19 18:40:53.023748+03	24	Payment object (24)	3		10	1
443	2025-01-19 18:40:53.023772+03	23	Payment object (23)	3		10	1
444	2025-01-19 18:40:53.023793+03	22	Payment object (22)	3		10	1
445	2025-01-19 18:40:53.023813+03	21	Payment object (21)	3		10	1
446	2025-01-19 18:40:53.023834+03	20	Payment object (20)	3		10	1
447	2025-01-19 18:40:53.023854+03	19	Payment object (19)	3		10	1
448	2025-01-19 18:40:53.023875+03	18	Payment object (18)	3		10	1
449	2025-01-19 18:40:53.023895+03	17	Payment object (17)	3		10	1
450	2025-01-19 18:40:53.023916+03	16	Payment object (16)	3		10	1
451	2025-01-19 18:40:53.023937+03	15	Payment object (15)	3		10	1
452	2025-01-19 18:40:53.023958+03	14	Payment object (14)	3		10	1
453	2025-01-19 18:40:53.023978+03	13	Payment object (13)	3		10	1
454	2025-01-19 18:40:53.023999+03	12	Payment object (12)	3		10	1
455	2025-01-19 18:40:53.024019+03	11	Payment object (11)	3		10	1
456	2025-01-19 18:40:53.024039+03	10	Payment object (10)	3		10	1
457	2025-01-19 18:40:53.024059+03	9	Payment object (9)	3		10	1
458	2025-01-19 18:41:02.418765+03	8	Payment object (8)	3		10	1
459	2025-01-19 18:41:02.418831+03	7	Payment object (7)	3		10	1
460	2025-01-19 18:41:02.418855+03	6	Payment object (6)	3		10	1
461	2025-01-19 18:41:02.418875+03	5	Payment object (5)	3		10	1
462	2025-01-19 18:41:02.418896+03	4	Payment object (4)	3		10	1
463	2025-01-19 18:41:02.418916+03	3	Payment object (3)	3		10	1
464	2025-01-19 18:41:02.418937+03	2	Payment object (2)	3		10	1
465	2025-01-19 18:41:02.418958+03	1	Payment object (1)	3		10	1
466	2025-01-19 18:41:28.277462+03	403	Payment object (403)	2	[]	10	1
467	2025-01-19 18:42:26.972512+03	1	Subscription object (1)	1	[{"added": {}}]	9	1
468	2025-01-19 18:57:04.351427+03	1	admin	2	[{"changed": {"fields": ["\\u041f\\u043e\\u0434\\u043f\\u0438\\u0441\\u043a\\u0430"]}}]	6	1
469	2025-01-19 21:17:48.740972+03	6	Test	2	[{"changed": {"fields": ["Staff status"]}}]	6	1
470	2025-01-19 21:18:05.25112+03	6	Test	2	[{"changed": {"fields": ["Staff status"]}}]	6	1
471	2025-01-19 23:21:21.33665+03	1	admin	2	[{"changed": {"fields": ["\\u041f\\u043e\\u043b\\u044c\\u0437\\u043e\\u0432\\u0430\\u0442\\u0435\\u043b\\u044c \\u044f\\u0432\\u043b\\u044f\\u0435\\u0442\\u0441\\u044f \\u0430\\u0432\\u0442\\u043e\\u0440\\u043e\\u043c"]}}]	6	1
472	2025-01-19 23:21:30.547246+03	1	admin	2	[{"changed": {"fields": ["\\u041f\\u043e\\u043b\\u044c\\u0437\\u043e\\u0432\\u0430\\u0442\\u0435\\u043b\\u044c \\u044f\\u0432\\u043b\\u044f\\u0435\\u0442\\u0441\\u044f \\u0430\\u0432\\u0442\\u043e\\u0440\\u043e\\u043c"]}}]	6	1
473	2025-01-19 23:21:44.276327+03	1	admin	2	[{"changed": {"fields": ["\\u041f\\u043e\\u043b\\u044c\\u0437\\u043e\\u0432\\u0430\\u0442\\u0435\\u043b\\u044c \\u044f\\u0432\\u043b\\u044f\\u0435\\u0442\\u0441\\u044f \\u0430\\u0432\\u0442\\u043e\\u0440\\u043e\\u043c"]}}]	6	1
474	2025-01-19 23:25:28.331995+03	4	Геннадий	2	[{"changed": {"fields": ["\\u0418\\u043c\\u044f"]}}]	6	1
475	2025-01-19 23:26:24.69717+03	4	Геннадий	2	[{"changed": {"fields": ["\\u0424\\u0430\\u043c\\u0438\\u043b\\u0438\\u044f"]}}]	6	1
476	2025-01-19 23:27:04.331593+03	6	Valentin	2	[{"changed": {"fields": ["\\u0418\\u043c\\u044f", "\\u0424\\u0430\\u043c\\u0438\\u043b\\u0438\\u044f"]}}]	6	1
477	2025-01-19 23:40:35.979568+03	6	Valentin	2	[{"changed": {"fields": ["\\u041f\\u043e\\u043b\\u044c\\u0437\\u043e\\u0432\\u0430\\u0442\\u0435\\u043b\\u044c \\u044f\\u0432\\u043b\\u044f\\u0435\\u0442\\u0441\\u044f \\u0430\\u0432\\u0442\\u043e\\u0440\\u043e\\u043c"]}}]	6	1
478	2025-01-20 00:11:40.040181+03	6	Valentin	2	[{"changed": {"fields": ["\\u041f\\u043e\\u043b\\u044c\\u0437\\u043e\\u0432\\u0430\\u0442\\u0435\\u043b\\u044c \\u044f\\u0432\\u043b\\u044f\\u0435\\u0442\\u0441\\u044f \\u0430\\u0432\\u0442\\u043e\\u0440\\u043e\\u043c"]}}]	6	1
479	2025-01-20 00:12:16.962044+03	6	Valentin	2	[{"changed": {"fields": ["\\u041f\\u043e\\u043b\\u044c\\u0437\\u043e\\u0432\\u0430\\u0442\\u0435\\u043b\\u044c \\u044f\\u0432\\u043b\\u044f\\u0435\\u0442\\u0441\\u044f \\u0430\\u0432\\u0442\\u043e\\u0440\\u043e\\u043c"]}}]	6	1
480	2025-01-20 00:28:37.421565+03	7	Тестовый автор	3		8	1
481	2025-01-20 00:29:07.657229+03	8	1	3		8	1
482	2025-01-20 00:42:50.032354+03	10	2	3		8	1
483	2025-01-20 00:42:50.032424+03	9	1	3		8	1
484	2025-01-20 01:16:57.137599+03	5	Тестовый	2	[{"changed": {"fields": ["\\u041f\\u043e\\u043b\\u044c\\u0437\\u043e\\u0432\\u0430\\u0442\\u0435\\u043b\\u044c \\u044f\\u0432\\u043b\\u044f\\u0435\\u0442\\u0441\\u044f \\u0430\\u0432\\u0442\\u043e\\u0440\\u043e\\u043c"]}}]	6	1
485	2025-01-20 01:18:29.128014+03	6	Valentin	2	[{"changed": {"fields": ["\\u0422\\u0435\\u043b\\u0435\\u0444\\u043e\\u043d"]}}]	6	1
486	2025-01-20 01:24:16.492244+03	7	Татьяна	2	[{"changed": {"fields": ["\\u041f\\u043e\\u043b\\u044c\\u0437\\u043e\\u0432\\u0430\\u0442\\u0435\\u043b\\u044c \\u044f\\u0432\\u043b\\u044f\\u0435\\u0442\\u0441\\u044f \\u0430\\u0432\\u0442\\u043e\\u0440\\u043e\\u043c"]}}]	6	1
487	2025-01-20 01:30:17.094494+03	2	Subscription object (2)	1	[{"added": {}}]	9	1
488	2025-01-20 01:30:30.232085+03	7	Татьяна	2	[]	6	1
489	2025-01-20 15:15:38.188591+03	11	Ричард	2	[{"changed": {"fields": ["\\u041f\\u0441\\u0435\\u0432\\u0434\\u043e\\u043d\\u0438\\u043c", "\\u041e\\u043f\\u0438\\u0441\\u0430\\u043d\\u0438\\u0435", "\\u041f\\u043e\\u043b\\u044c\\u0437\\u043e\\u0432\\u0430\\u0442\\u0435\\u043b\\u044c"]}}]	8	1
490	2025-01-20 15:15:54.143681+03	10	Первый зарегистрированный случай жестокого обращения с детьми	2	[{"changed": {"fields": ["\\u0410\\u0432\\u0442\\u043e\\u0440 \\u043f\\u0443\\u0431\\u043b\\u0438\\u043a\\u0430\\u0446\\u0438\\u0438"]}}]	7	1
491	2025-01-20 15:16:52.761301+03	11	Ричард	3		8	1
492	2025-01-20 15:17:12.475517+03	6	Ричард	2	[{"changed": {"fields": ["\\u041f\\u0441\\u0435\\u0432\\u0434\\u043e\\u043d\\u0438\\u043c", "\\u041e\\u043f\\u0438\\u0441\\u0430\\u043d\\u0438\\u0435"]}}]	8	1
493	2025-01-21 01:35:09.306878+03	2	Михаил	2	[{"changed": {"fields": ["Last login", "\\u041e \\u0441\\u0435\\u0431\\u0435"]}}]	6	1
\.


--
-- Data for Name: django_celery_beat_clockedschedule; Type: TABLE DATA; Schema: public; Owner: postgres
--

COPY public.django_celery_beat_clockedschedule (id, clocked_time) FROM stdin;
\.


--
-- Data for Name: django_celery_beat_crontabschedule; Type: TABLE DATA; Schema: public; Owner: postgres
--

COPY public.django_celery_beat_crontabschedule (id, minute, hour, day_of_week, day_of_month, month_of_year, timezone) FROM stdin;
\.


--
-- Data for Name: django_celery_beat_intervalschedule; Type: TABLE DATA; Schema: public; Owner: postgres
--

COPY public.django_celery_beat_intervalschedule (id, every, period) FROM stdin;
\.


--
-- Data for Name: django_celery_beat_periodictask; Type: TABLE DATA; Schema: public; Owner: postgres
--

COPY public.django_celery_beat_periodictask (id, name, task, args, kwargs, queue, exchange, routing_key, expires, enabled, last_run_at, total_run_count, date_changed, description, crontab_id, interval_id, solar_id, one_off, start_time, priority, headers, clocked_id, expire_seconds) FROM stdin;
\.


--
-- Data for Name: django_celery_beat_periodictasks; Type: TABLE DATA; Schema: public; Owner: postgres
--

COPY public.django_celery_beat_periodictasks (ident, last_update) FROM stdin;
\.


--
-- Data for Name: django_celery_beat_solarschedule; Type: TABLE DATA; Schema: public; Owner: postgres
--

COPY public.django_celery_beat_solarschedule (id, event, latitude, longitude) FROM stdin;
\.


--
-- Data for Name: django_content_type; Type: TABLE DATA; Schema: public; Owner: postgres
--

COPY public.django_content_type (id, app_label, model) FROM stdin;
1	admin	logentry
2	auth	permission
3	auth	group
4	contenttypes	contenttype
5	sessions	session
6	users	user
8	profitpages	publisher
7	profitpages	publication
9	profitpages	subscription
10	users	payment
11	django_celery_beat	crontabschedule
12	django_celery_beat	intervalschedule
13	django_celery_beat	periodictask
14	django_celery_beat	periodictasks
15	django_celery_beat	solarschedule
16	django_celery_beat	clockedschedule
\.


--
-- Data for Name: django_migrations; Type: TABLE DATA; Schema: public; Owner: postgres
--

COPY public.django_migrations (id, app, name, applied) FROM stdin;
1	contenttypes	0001_initial	2025-01-03 18:15:51.444467+03
2	contenttypes	0002_remove_content_type_name	2025-01-03 18:15:51.466622+03
3	auth	0001_initial	2025-01-03 18:15:51.508482+03
4	auth	0002_alter_permission_name_max_length	2025-01-03 18:15:51.512451+03
5	auth	0003_alter_user_email_max_length	2025-01-03 18:15:51.515388+03
6	auth	0004_alter_user_username_opts	2025-01-03 18:15:51.518154+03
7	auth	0005_alter_user_last_login_null	2025-01-03 18:15:51.520586+03
8	auth	0006_require_contenttypes_0002	2025-01-03 18:15:51.521205+03
9	auth	0007_alter_validators_add_error_messages	2025-01-03 18:15:51.523691+03
10	auth	0008_alter_user_username_max_length	2025-01-03 18:15:51.526218+03
11	auth	0009_alter_user_last_name_max_length	2025-01-03 18:15:51.52886+03
12	auth	0010_alter_group_name_max_length	2025-01-03 18:15:51.533851+03
13	auth	0011_update_proxy_permissions	2025-01-03 18:15:51.536055+03
14	auth	0012_alter_user_first_name_max_length	2025-01-03 18:15:51.53875+03
15	users	0001_initial	2025-01-03 18:15:51.568793+03
16	admin	0001_initial	2025-01-03 18:15:51.585087+03
17	admin	0002_logentry_remove_auto_add	2025-01-03 18:15:51.588662+03
18	admin	0003_logentry_add_action_flag_choices	2025-01-03 18:15:51.592356+03
19	sessions	0001_initial	2025-01-03 18:15:51.600187+03
20	users	0002_user_avatar	2025-01-03 20:46:31.690925+03
21	profitpages	0001_initial	2025-01-04 19:05:26.382355+03
22	users	0003_user_description_user_name	2025-01-04 19:05:26.395006+03
23	profitpages	0002_rename_name_publisher_nickname	2025-01-04 19:08:00.984991+03
24	profitpages	0003_alter_content_options_alter_publisher_options_and_more	2025-01-04 19:22:01.111356+03
25	profitpages	0004_content_paid	2025-01-09 22:00:41.513918+03
26	users	0004_remove_user_name_alter_user_description_and_more	2025-01-09 22:00:41.557191+03
27	users	0005_alter_user_phone	2025-01-09 23:46:12.347862+03
28	users	0006_alter_user_avatar	2025-01-10 20:00:27.304735+03
29	profitpages	0005_alter_content_paid	2025-01-10 20:12:49.636664+03
30	profitpages	0006_content_preview	2025-01-10 20:21:07.824476+03
31	profitpages	0007_alter_content_preview	2025-01-10 20:52:56.444266+03
32	profitpages	0008_content_content	2025-01-11 21:32:58.553952+03
33	profitpages	0009_content_updated_at	2025-01-13 17:23:04.544916+03
34	profitpages	0010_rename_content_publication	2025-01-13 18:20:35.41131+03
35	users	0007_user_created_at	2025-01-13 20:01:58.728777+03
36	profitpages	0011_alter_publication_publisher_alter_publisher_user_and_more	2025-01-14 22:50:00.969883+03
37	profitpages	0012_publication_link	2025-01-15 15:41:09.899957+03
38	users	0008_alter_user_last_name	2025-01-15 15:41:10.029149+03
39	profitpages	0013_alter_publication_link	2025-01-15 15:51:39.49425+03
40	users	0009_payment	2025-01-15 20:43:30.877421+03
41	users	0010_rename_paid_it_payment_paid_at	2025-01-17 19:51:00.388465+03
42	users	0011_user_is_subscribed_alter_payment_user_and_more	2025-01-17 21:02:39.668282+03
43	django_celery_beat	0001_initial	2025-01-19 23:19:21.821366+03
44	django_celery_beat	0002_auto_20161118_0346	2025-01-19 23:19:21.836411+03
45	django_celery_beat	0003_auto_20161209_0049	2025-01-19 23:19:21.843113+03
46	django_celery_beat	0004_auto_20170221_0000	2025-01-19 23:19:21.845102+03
47	django_celery_beat	0005_add_solarschedule_events_choices	2025-01-19 23:19:21.847263+03
48	django_celery_beat	0006_auto_20180322_0932	2025-01-19 23:19:21.8701+03
49	django_celery_beat	0007_auto_20180521_0826	2025-01-19 23:19:21.879545+03
50	django_celery_beat	0008_auto_20180914_1922	2025-01-19 23:19:21.89485+03
51	django_celery_beat	0006_auto_20180210_1226	2025-01-19 23:19:21.904195+03
52	django_celery_beat	0006_periodictask_priority	2025-01-19 23:19:21.909011+03
53	django_celery_beat	0009_periodictask_headers	2025-01-19 23:19:21.913881+03
54	django_celery_beat	0010_auto_20190429_0326	2025-01-19 23:19:21.987852+03
55	django_celery_beat	0011_auto_20190508_0153	2025-01-19 23:19:22.001436+03
56	django_celery_beat	0012_periodictask_expire_seconds	2025-01-19 23:19:22.006417+03
57	django_celery_beat	0013_auto_20200609_0727	2025-01-19 23:19:22.01125+03
58	django_celery_beat	0014_remove_clockedschedule_enabled	2025-01-19 23:19:22.014681+03
59	django_celery_beat	0015_edit_solarschedule_events_choices	2025-01-19 23:19:22.016276+03
60	django_celery_beat	0016_alter_crontabschedule_timezone	2025-01-19 23:19:22.020892+03
61	django_celery_beat	0017_alter_crontabschedule_month_of_year	2025-01-19 23:19:22.02441+03
62	django_celery_beat	0018_improve_crontab_helptext	2025-01-19 23:19:22.02778+03
63	django_celery_beat	0019_alter_periodictasks_options	2025-01-19 23:19:22.028862+03
64	users	0012_user_is_publisher	2025-01-19 23:19:22.033624+03
65	users	0013_user_token_verification	2025-01-20 16:48:26.360516+03
\.


--
-- Data for Name: django_session; Type: TABLE DATA; Schema: public; Owner: postgres
--

COPY public.django_session (session_key, session_data, expire_date) FROM stdin;
qxow1xdbedgmxn762rxg268amgsoweaa	.eJxVjMsOwiAQRf-FtSEUKQ-X7vsNZBhmpGogKe3K-O_apAvd3nPOfYkI21ri1mmJcxYXocXpd0uAD6o7yHeotyax1XWZk9wVedAup5bpeT3cv4MCvXxrnwBGNpbYESvKQXFw2lttDGdDBqzXDkI6D0CsEREQLSuweSQ3WBLvDw5vOS8:1ta0MH:j7nQcelH3ct90pXAokbGX9RXPMmKpUYxx0be_fY-x-U	2025-02-04 01:35:01.133044+03
ps4whhfl9zbe4eowf8t6n1zeqb37a1br	.eJxVzMEOgjAQBNB_6dk0XVooePTON5Btd9eipk0onIz_LiQc9DpvZt5qwm1N01Z5mWZSVwXq8psFjE_OB9AD873oWPK6zEEfFX1q1WMhft3O7t9Bwpr2NQq03lrXIEgLFjwBDYY78GLNQA1IaB1E3tn10nvjpCM2vHsvFEh9vswON_s:1tYtXy:xg3COurs5tTV-QHBw6w1JBBQm1cJOiRxGgkSbaYg1iA	2025-02-01 00:06:30.590268+03
bar0tpbnoaqaoytaz6g0btieh1r962te	.eJxVj8FKxTAQRb_FbJWQSWJf40pcCqILUXRTJsnERttUmjxERb_dKTyQtz3n3jvMt6hzFRfC6nNQWpyJ93EpxOB055wx2lkwdsNY68eyRmB1-3Rn1Al9Rnn9-PX8y5ZmzBObRrVdNqhNhmVmnvJa21Bw3hbvWTKb8B894ESl5cJ4wH0bh32ldciRVXfMPIY3KpuIr1heFj5Q2pq93CLyYKu8WSJNV4fs0cCIdeS2V30PxnedUtaDs_weUQKdwKGzqBNFp0PS2HcWgwLosccQYRe6pMF58fMHX6Fgow:1tZ9NX:SVpG3JUfE6DEbYiUtHX1kDgPUsn73INU-Moi8lFGFHU	2025-02-01 17:00:47.400301+03
81su3t4sppmuznxdy8oi5ete1dute0yy	.eJxVzMEOgjAQBNB_6dk0XVooePTON5Btd9eipk0onIz_LiQc9DpvZt5qwm1N01Z5mWZSVwXq8psFjE_OB9AD873oWPK6zEEfFX1q1WMhft3O7t9Bwpr2NQq03lrXIEgLFjwBDYY78GLNQA1IaB1E3tn10nvjpCM2vHsvFEh9vswON_s:1tZV9W:7It2ZYWYvDshYSZ_mN2EghXdww0Jw9uDdlcNJdBJFVo	2025-02-02 16:15:46.949484+03
zd3vp5yvd5znakhgs2tpgl48zgyeyn1w	.eJxVzMEOgjAQBNB_6dk0XVooePTON5Btd9eipk0onIz_LiQc9DpvZt5qwm1N01Z5mWZSVwXq8psFjE_OB9AD873oWPK6zEEfFX1q1WMhft3O7t9Bwpr2NQq03lrXIEgLFjwBDYY78GLNQA1IaB1E3tn10nvjpCM2vHsvFEh9vswON_s:1tZWik:-QVL45DcZE02lX9OK6cI0cryEouijDcZR_-22wRj69w	2025-02-02 17:56:14.729269+03
wqz6njecy6nteoa6vz5wllncp227ccfm	.eJx9j8tOxSAURf-FqabhXXBknPsHJs0pHNpqC6a00cT47wL3DrwOnOyQtc9eCV8kb5k8EM16RQW5J-9ziljAXW-tENxKJmTFkPNH2j0rlbATHrAtBeMGy1oQfqZpRzgCxMepss6lrfRh2fMxRNiq8uWkkvOagtaU7S1dy9C4v7RlucKfIWuVanmRYBuyf1X4675qBziPeTgz7sPii7q_ZSO4N4y18K8Qp1S-EY99Gbt60l3b3D0nj-vT9fZGMEOey9qMjjsKJbU0BhxnDrlV0vhR-8CFD9KCM0ZpxjgKTwNTvldIde-80Zx8_wAN5X1o:1tZdg7:Z9ux8zxz1dEo0aKZcAZhk1xIOBhSMUYm2m3TkMXf-pU	2025-02-03 01:21:59.703244+03
\.


--
-- Data for Name: profitpages_publication; Type: TABLE DATA; Schema: public; Owner: postgres
--

COPY public.profitpages_publication (id, description, publisher_id, title, paid, preview, content, updated_at, link) FROM stdin;
1	В этой статье я расскажу как была придумана песня моего сердца	4	Как я придумал песню "Mutter"	t	publication/preview/mutter.jpg	<p>Когда я начал писать "Mutter", у меня была мысль создать что-то, что бы соединяло мрачные и темные стороны человеческой природы с чувством уязвимости. Я хотел передать тему потери и тоски, основанную на всех тех эмоциях, которые мы часто прячем внутри себя.</p><p>&nbsp;</p><p><strong>Вдохновение и процесс создания</strong></p><p>&nbsp;</p><p>Вдохновение пришло внезапно, во время одного из моих путешествий. Я увидел женщину, которая выглядела как потерянная душа, и она вызвала во мне целый ряд эмоций. Я начал писать текст, думая о том, как часто мы нуждаемся в защите и любви, особенно в трудные времена.</p><p>&nbsp;</p><p><strong>Музыка и звучание</strong></p><p>&nbsp;</p><p>Звуковая палитра, которую я создал для "Mutter", была важной частью всей концепции. Я знал, что мне нужно было создать что-то мощное и одновременно меланхоличное. Мы использовали оркестровые элементы, чтобы добавить глубины, но при этом сохранить нашу металлическую основу. Это сочетание создало ту уникальную атмосферу, которая, надеюсь, резонирует с нашими слушателями.</p><p>&nbsp;</p><p><strong>Завершение и принятие</strong></p><p>&nbsp;</p><p>Когда песня была готова, я почувствовал, что она действительно отражает внутреннюю борьбу, о которой я хотел говорить. "Mutter" – это не просто песня; это крик души, попытка обрести надежду в темные времена. Я горжусь тем, что смог поделиться этой историей с миром и надеюсь, что она находит отклик в сердцах людей.</p>	2025-01-21 02:19:05.917321+03	https://vkvideo.ru/video-58406727_456239106
2	Сегодня поговорим про вечеринки в моем великом поместье	2	Мой рассказ про Вечеринки	f	publication/preview/getsbi_LekRkd7.gif	<p>Я, <mark class="marker-green">Джей Гетсби</mark>, всегда считал вечеринки не просто развлечением, а настоящим искусством. Мои мероприятия - это нечто большее, чем простые сборища людей. Это волшебство, которое создает атмосферу, способную окутать каждого из нас. Позвольте мне поделиться с вами своими размышлениями о вечеринках и том, что они значат для меня.<br><br><strong>Свет, музыка и восторг</strong></p><p>&nbsp;</p><p>Когда вечер опускается, и огни ослепляют своим блеском, мои великолепные вечеринки оживают. Вокруг слышен смех, весёлые разговоры и игривые ноты джаза. Я люблю создавать этот волшебный мир, где у каждого есть возможность забыть о повседневных заботах и погрузиться в атмосферу роскоши и свободного духа. Здесь, в моем поместье, каждый гость является важной частью этой сказки.</p><p>&nbsp;</p><p><strong>Люди и мечты</strong></p><p>&nbsp;</p><p>Каждая вечеринка – это встреча с разнообразными персонажами, каждый из которых приходит со своими мечтами и надеждами. Я верю, что эти собрания помогают людям находить друг друга, открывать свои сердца и делиться своими историями. Как хозяин, я стремлюсь создать пространство, где никто не чувствует себя одиноким. Каждый уголок моего дома наполнен энергией, которую мы создаем вместе.</p><p>&nbsp;</p><p><strong>Тайна и ожидание</strong></p><p>&nbsp;</p><p>Но при всем великолепии моих вечеринок есть и свои тайны. Я никогда не забываю о том, что каждый гость может иметь свои причины для посещения. Я провожу эти мероприятия не только для удовольствия, но и для того, чтобы найти ее – Дейзи. Каждый миг со светом и музыкой пронизан ожиданием, когда она наконец появится. В каждой улыбке, в каждом взгляде я ищу ее.</p><p>&nbsp;</p><p><strong>Заключение</strong></p><p>&nbsp;</p><p>Вечеринки, как и жизнь, полны ярких эмоций, неожиданных встреч и, порой, bittersweet моментов. Я организую их не только ради величия, но и для того, чтобы прикоснуться к тому, что на самом деле для меня важно. В каждом мгновении, когда гость поднимает бокал, случается нечто волшебное. Пусть каждый, кто приходит на мои вечеринки, найдет в них свою историю, свою мечту и, возможно, свое счастье.</p>	2025-01-18 13:02:21.211355+03	\N
4	В этой статье я расскажу своё мнение почему мы любим пушистых любимчиков.	1	Почему мы любим кошек и собак?	t	publication/preview/koshka_i_sobaka.jpg	<p><span style="background-color:rgb(255,255,255);color:rgb(62,62,62);">Почему мы так сильно любим кошек и собак? </span><img src="https://vk.com/emoji/e/f09f929e.png" alt="💞" width="16" height="16"><br><br><img src="https://vk.com/emoji/e/f09f90b1.png" alt="🐱" width="16" height="16"><span style="background-color:rgb(255,255,255);color:rgb(62,62,62);">Любовь людей к кошкам и собакам объясняется несколькими факторами. Во-первых, нас с ними связывает древняя история, питомцы, помогали нам в охоте, защите дома и становились надежными друзьями. Во-вторых, наличие домашних животных улучшает наше эмоциональное состояние,&nbsp;вызывая чувство комфорта и умиротворения. Многие люди считают, что общение с животными помогает им расслабиться и снизить уровень стресса.</span><br><br><img src="https://vk.com/emoji/e/f09f90b6.png" alt="🐶" width="16" height="16"><span style="background-color:rgb(255,255,255);color:rgb(62,62,62);">Кошки и собаки также обладают некоторыми уникальными чертами, которые делают их особенно привлекательными для людей. Кошки, например, являются независимыми и таинственными созданиями, которые часто проявляют свою любовь и ласку только в тех моментах, когда им самим захочется. Собаки же, наоборот, часто более социальны и привязаны к своим хозяевам, что делает их идеальными компаньонами для тех, кто ищет верного друга.</span><br><br><img src="https://vk.com/emoji/e/f09f90be.png" alt="🐾" width="16" height="16"><span style="background-color:rgb(255,255,255);color:rgb(62,62,62);">Наконец, многие люди просто наслаждаются наблюдением за животными. Кошки и собаки имеют множество забавных привычек и интересных повадок, которые заставляют нас улыбаться и чувствовать себя счастливыми. Мы любим смотреть, как кошки играют со шнурками и мячиками, а собаки прыгают и бегают по парку, привлекая к себе внимание окружающих.</span></p>	2025-01-16 16:23:38.292958+03	\N
3	Не ждали? А я сейчас вам покажу какие породы кошек мои самые любимые, переходи, читай и умиляйся	1	Мои любимые котики	f	publication/preview/kotik.jpg	<p>Коты – это удивительные создания, которые способны украсить любую жизнь своим присутствием. В этой статье я поделюсь своими любимыми котиками и тем, почему они стали важной частью моего мира.</p><p>&nbsp;</p><p><strong>Разнообразие характера</strong></p><p>&nbsp;</p><p>Каждый кот уникален со своим характером и манерами. Одни из моих любимцев игривые и активные, в то время как другие – спокойные и мечтательные. Я обожаю наблюдать за их поведением: как они охотятся на тени, выполняют акробатические трюки или просто нежно потираются о ноги. В этом разнообразии я нахожу радость и умиротворение.</p><p>&nbsp;</p><p><strong>Моменты, которые согревают душу</strong></p><p>&nbsp;</p><p>Коты умеют чувствовать настроение своих хозяев. Когда мне грустно, они подходят, садятся рядом и мягко мурлыкают, словно говорят: "Я здесь, все будет хорошо". Эти маленькие моменты мужества и заботы делают нас ближе друг к другу и приносят утешение в трудные времена.</p><p>&nbsp;</p><p><strong>Уход и забота</strong></p><p>&nbsp;</p><p>Уход за котиками – это не только забота о их здоровье, но и возможность укрепить нашу связь. Я люблю игры с игрушками, укладывание шерсти и создание уютного места для них. Это не просто обязанности, это приятные ритуалы, которые наполняют каждый день теплом.</p><p>&nbsp;</p><p><strong>Заключение</strong></p><p>&nbsp;</p><p>Мои любимые котики – это не только питомцы, но и настоящие друзья, которые делают мою жизнь ярче и насыщеннее. Каждый из них – это отдельная история, полная любви, комичности и теплоты. Я благодарен судьбе за их присутствие и мечтаю, чтобы у каждого человека была возможность ощутить такую же радость от общения с этими удивительными созданиями.</p>	2025-01-16 16:23:09.359469+03	\N
6	Давай посмотрим на это с другой стороны	1	А ты кот?	f	publication/preview/Felis_silvestris_silvestris.jpg	<p>▎А ты кот?</p><p>&nbsp;</p><p>В современном мире, где каждодневная суета поглощает нас, все чаще всплывает вопрос: "А ты кот?" Этот вопрос не только провокационный, но и глубокий, искушающий в раздумьях о жизни, свободе и взгляде на мир.</p><p>&nbsp;</p><p>▎Коты как символ свободы</p><p>&nbsp;</p><p>Коты известны своей независимостью. Они могут проводить часы на солнце, исследовать территорию и абсолютно не беспокоиться о мнении окружающих. В этом контексте вопрос "А ты кот?" побуждает нас задуматься о своей жизни: достаточно ли мы свободны в своих действиях и выборах? Многие из нас, как и коты, мечтают о свободе от повседневных обязательств, но часто оказываемся привязанными к рутине.</p><p>&nbsp;</p><p>▎Глубокое значение вопроса</p><p>&nbsp;</p><p>Вопрос "А ты кот?" также может рассматриваться как приглашение к самопознанию. Что для нас значит быть "котом"? Это поиск внутреннего спокойствия, умение наслаждаться моментом или, возможно, стремление к исследованию и приключениям? Способность быть в настоящем моменте — это то, чему мы можем научиться у этих грациозных существ.</p><p>&nbsp;</p><p>▎Кот как состояние души</p><p>&nbsp;</p><p>Коты ассоциируются с игривостью и легкостью. Вопрос "А ты кот?" может также напоминать нам о важности оставлять место для игры и веселья в нашей жизни. Взрослея, мы зачастую забываем о том, как это важно, и начинаем воспринимать жизнь слишком серьезно. Напоминание о нашем внутреннем "коте" способно вернуть нам радость в повседневности.</p><p>&nbsp;</p><p>▎Заключение</p><p>&nbsp;</p><p>Задавая себе вопрос "А ты кот?", мы как бы обыгрываем свои желания и стремления. Это философский подход, который побуждает нас изучать свободу, радость и озорство, присущие котам. Важно находить время на то, чтобы быть "котом" в нашем быстром и сложном мире.</p>	2025-01-19 22:09:27.412877+03	\N
7	Простоя статья из головы	6	Волшебство утра	f	publication/preview/beg-probezhka-devushka-sport.webp	<p>▎Волшебство утра</p><p>&nbsp;</p><p>Каждое утро — это новый шанс и возможность. Утро — это волшебное время, когда мир пробуждается, а природа вновь начинает дышать. Многие из нас спешат начать день, но в этом спешке мы часто упускаем магию, присущую этому времени суток.</p><p>&nbsp;</p><p>▎Звуки природы</p><p>&nbsp;</p><p>На заре, когда солнце только начинает подниматься над горизонтом, воздух наполняется звуками. Пение птиц становится особенно ярким, а трели мелодичны и легки. Если постараться, можно услышать, как природа радуется новому дню, зовя нас наслаждаться моментом.</p><p>&nbsp;</p><p>▎Ритуалы утра</p><p>&nbsp;</p><p>Создание утренних ритуалов может стать ключом к успешному дню. Будь то чашка горячего чая, утренняя гимнастика или чтение книги — важно выделить время на то, что приносит радость. Эти небольшие продолжительные мгновения позволяют настроиться на положительный лад и осознанно начать день.</p><p>&nbsp;</p><p>▎Свет и свежесть</p><p>&nbsp;</p><p>Свет, проникающий сквозь окна, наполняет пространство теплом и уютом. Свежий воздух, напоенный утренними росами, пробуждает наши чувства и наполняет энергией. Открытие окна и вдыхание воздуха — простой, но эффективный способ ощутить связь с природой и зарядиться положительными эмоциями.</p><p>&nbsp;</p><p>▎Заключение</p><p>&nbsp;</p><p>Утро — это волшебное время, полное возможностей и надежд. Обратите внимание на звуки, ритуалы и свет, и вы сможете увидеть, как каждое утро может стать уникальным, насыщенным и полным вдохновения. Начинайте каждый день с осознанием того, что это новое начало.</p>	2025-01-20 00:02:01.787482+03	\N
11	Колоризированное фото первой задокументированной в США жертвы жестокого обращения с детьми	6	Первый случай жестокого обращения с детьми	f	publication/preview/2025-01-20_15_uK0cvj0.12.09.jpg	<p>Колоризированное фото первой задокументированной в США жертвы жестокого обращения с детьми – 10-летней Мэри Эллен Уилсон. На лице девочки – шрам от пореза ножницами, который нанесла ей приёмная мать.</p><p>&nbsp;</p><p>Мэри Эллен с двухлетнего возраста терпела физические и эмоциональные издевательства в приёмной семье. В декабре 1873 года об этом случайно узнала соседка и обратилась в полицию. Но на тот момент в США лошадь имела больше прав, чем ребёнок: родители имели абсолютную власть воспитывать своих детей так, как считали нужным. Только благодаря усилиям неравнодушных общественных деятелей в апреле 1874 девочку изъяли из семьи, а приёмную мать приговорили к одному году тюремного заключения.</p><p>&nbsp;</p><p>Случай Мэри Эллен Уилсон вдохновил активистов по защите прав животных на борьбу за принятие первых в истории Америки законов о защите детей.</p><figure class="image"><img style="aspect-ratio:997/1280;" src="/media/2025-01-20%2015_nqkpfHM.12.09.jpg" width="997" height="1280"></figure>	2025-01-20 15:19:07.101527+03	\N
8	Про отличный звук	6	Наушники Marshall	t	publication/preview/images.jpeg	<p>▎Наушники Marshall: Симфония звука и стиля</p><p>&nbsp;</p><p>Наушники Marshall — это не просто аудиоустройство, это символ музыкальной культуры и стиля. С момента своего основания в 1962 году, компания Marshall стала синонимом рок-н-ролла, и их наушники продолжают эту традицию, сочетая высокое качество звука с уникальным дизайном.</p><p>&nbsp;</p><p>▎Дизайн и качество</p><p>&nbsp;</p><p>Наушники Marshall выделяются своим характерным дизайном, который включает в себя элементы, напоминающие классические гитарные усилители. Кожаная отделка, металлические детали и логотип компании создают стильный и запоминающийся внешний вид. Эти наушники не только приятно носить, но и они станут отличным аксессуаром для любого меломана.</p><p>&nbsp;</p><p>▎Звук, который вдохновляет</p><p>&nbsp;</p><p>Marshall всегда уделял особое внимание качеству звука. Наушники обеспечивают мощный и насыщенный звук с глубокими басами и четкими высокими частотами. Это делает их идеальными для прослушивания различных музыкальных жанров, от классического рока до современного попа. Благодаря технологии Bluetooth, пользователи могут наслаждаться свободой беспроводного прослушивания, не теряя при этом в качестве звука.</p><p>&nbsp;</p><p>▎Комфорт и удобство</p><p>&nbsp;</p><p>Наушники Marshall разработаны с учетом комфорта пользователя. Мягкие амбушюры и регулируемая оголовье обеспечивают удобную посадку, что позволяет наслаждаться музыкой в течение длительного времени без дискомфорта. Кроме того, многие модели оснащены встроенными микрофонами и кнопками управления, что делает их удобными для использования в повседневной жизни.</p><p>&nbsp;</p><p>▎Заключение</p><p>&nbsp;</p><p>Наушники Marshall — это идеальный выбор для тех, кто ценит не только качество звука, но и стиль. Они объединяют в себе наследие рок-н-ролла и современные технологии, предлагая пользователям уникальный опыт прослушивания. Если вы ищете наушники, которые станут не только музыкальным инструментом, но и стильным аксессуаром, Marshall — ваш идеальный выбор.</p>	2025-01-20 00:07:42.15262+03	\N
9	Рассказ о том, как кошка Буся стала звездой в OnlyPets	13	История развития	f	publication/preview/2025-01-20_01.40.56.jpg	<p><span style="background-color:rgba(45,45,45,0.15);color:rgba(255,255,255,0.95);"><mark class="marker-yellow">Кошка Бусе родом из России и стала известной благодаря своему владельцу, который начал публиковать её фотографии и видео в социальных сетях. С момента появления первых постов о Бусе, она быстро завоевала популярность благодаря своей милой внешности и забавным выходкам. Владельцы кошек по всему миру начали делиться своими историями о питомцах, вдохновляясь её образом</mark></span><br><br><span style="background-color:rgba(45,45,45,0.15);color:rgba(255,255,255,0.95);"><mark class="marker-yellow">Кошка онлифанщица — это кошка, чей владелец создает контент, связанный с ее жизнью и персонажем, и делится им на платформе OnlyFans. Это может включать в себя фотографии, видеоролики, лайфстайл и даже уникальные истории о жизни питомца. В отличие от традиционных питомцев в социальных сетях, контент кошек на OnlyFans может иметь более интимный и эффектный характер.</mark></span><br><br>&nbsp;</p><figure class="image image-style-align-left"><img style="aspect-ratio:720/1280;" src="/media/2025-01-20%2001.40.56.jpg" width="720" height="1280"></figure><p style="margin-left:0px;">С учетом растущего интереса к домашним животным и их роли в жизни людей, можно ожидать, что популярность Бусе будет только расти. Она продолжит вдохновлять людей на создание контента и укрепление связей с питомцами, а также станет символом любви и заботы о животных.</p><p style="margin-left:0px;">В заключение, кошка Буся — это не просто милый питомец, а настоящий культурный феномен, который отражает человеческое желание делиться радостью и любовью к животным. Её история вдохновляет многих, и она продолжает оставаться важной частью жизни своих поклонников.</p>	2025-01-20 01:45:42.093466+03	\N
\.


--
-- Data for Name: profitpages_publisher; Type: TABLE DATA; Schema: public; Owner: postgres
--

COPY public.profitpages_publisher (id, nickname, description, user_id) FROM stdin;
2	Великий Гетсби	Начинаем нашу вечеринку	2
1	Im_kotik	На этом канале вы можете посмотреть на забавных котиков	1
4	lindemann	Рассказываю о буднях группы Раммштайн от лица вокалиста	3
12	ТЕСТОВЫЙ	ТЕСТОВОЕ ОПИСАНИЕ	5
13	Буся - кошка мечты	Я кошечка из вашей мечты, это мой новый профиль с OnlyFans	7
6	Ричард	Записки Ричарда	6
\.


--
-- Data for Name: profitpages_subscription; Type: TABLE DATA; Schema: public; Owner: postgres
--

COPY public.profitpages_subscription (id, is_active, update_at, end_at, user_id) FROM stdin;
1	t	2025-01-19 18:42:26.965692+03	2025-02-20 18:42:26+03	1
2	t	2025-01-20 01:30:17.089617+03	2026-01-22 01:30:02+03	7
\.


--
-- Data for Name: users_payment; Type: TABLE DATA; Schema: public; Owner: postgres
--

COPY public.users_payment (id, price, session_id, is_paid, created_at, paid_at, user_id) FROM stdin;
406	410	cs_test_a1cMytSJ7WirudqTCJ5ERWOxYXtriXJ8OogPNqYHV2Wx1nbZhoVyViNONM	f	2025-01-19 18:49:30.772973+03	\N	1
407	2100	cs_test_a13J1mXGez2wgl8328aOd9xFzPuSN1zqOKMKmSAXEm8HbLHHduTaywerag	f	2025-01-19 18:49:31.216916+03	\N	1
408	3840	cs_test_a1gLk4qZYKOqNbMZ6V585YItubZRZokyXKoJ8il7ogukzlKHHdy3H9RTxh	f	2025-01-19 18:49:31.638696+03	\N	1
409	410	cs_test_a1IEkdhGEYABatL8lM1veQ4rXYiRsjjBbY8XfILzDlfpdLuMHVP2Oa0y5w	f	2025-01-19 23:54:22.352491+03	\N	6
410	2100	cs_test_a1Jd7H98063Nh0ZykaLADfkc0ONqKqzqfqMWEvM2HdCZkrmCTFg5cQDCFZ	f	2025-01-19 23:54:22.811845+03	\N	6
411	3840	cs_test_a1SY9RQ1VdPkcnJaNcUd8tKd60CLC07rpdcbz0fJwHtla71K6ZzyDsbN7F	f	2025-01-19 23:54:23.250145+03	\N	6
412	410	cs_test_a1JrJqfInQUWC3jMc9QpC7XHpN7KZRs5wz4YnvYUnSLPybBL6RTucpZofW	f	2025-01-20 01:24:38.768658+03	\N	7
413	2100	cs_test_a1G2eXqPwkWiyQV64utdQdpz6ZETS48Vbhy5KN8Qt3iPinykTi63r2QXQ9	f	2025-01-20 01:24:39.272281+03	\N	7
414	3840	cs_test_a10u6f4GYtIDIJatjKCGCyddpd8ddyJVaXrLepYUz5fL779NBht22lmO88	f	2025-01-20 01:24:39.777479+03	\N	7
415	410	cs_test_a1moLdlmPAxgQsNUCRdMi5M2o8EspKwMNXloJo3uYTN8EsdQYOF9RTHcQN	f	2025-01-20 14:46:17.04254+03	\N	6
416	2100	cs_test_a1i3cSgmc6NFQGcvGpklNYspLl4RvSchq9TXN4B6DVgO8EDpytJcE4K7ju	f	2025-01-20 14:46:17.482636+03	\N	6
417	3840	cs_test_a1Po7G6FS7lr5vOoYHdK06qX0QBkKL5RYRcFWFnEuHtIXTEssAKqBAtSTO	f	2025-01-20 14:46:17.993899+03	\N	6
418	410	cs_test_a1KdLdrUrJmHMyFXKylSM4dmvdCuCAYvXBrPlURQMXQ7oZyoDd8oU09gEs	f	2025-01-21 02:19:31.775193+03	\N	1
419	2100	cs_test_a1bYm9VXNXhbuJsveiocPzlVzswrh6nF1sPQKGB3v3Ien631gE6W6AbRx4	f	2025-01-21 02:19:32.28581+03	\N	1
420	3840	cs_test_a1eQlIMKgsG3nVurwDP1FlUHqVUK62y5CLensnHU2lbgW0BTcELmmmZbDl	f	2025-01-21 02:19:32.769858+03	\N	1
403	410	cs_test_a1RBnc2mK750SeVymfbXudOulIHtA65tFer8ZrMUWnJCyhoSQJkSjlG75m	t	2025-01-19 18:00:25.08924+03	2025-01-19 18:39:11+03	1
\.


--
-- Data for Name: users_user; Type: TABLE DATA; Schema: public; Owner: postgres
--

COPY public.users_user (id, password, last_login, is_superuser, first_name, last_name, is_staff, is_active, date_joined, email, phone, avatar, description, created_at, is_subscribed, is_publisher, token_verification) FROM stdin;
7	pbkdf2_sha256$870000$AQGPVvdAqzudXEWFoudS15$BZ3SIrEOkWYS687yfdkDrAX8Nuhwj/f4XWUVUTcZaFA=	2025-01-20 01:21:59+03	f	Татьяна	Севостьянова	f	t	2025-01-20 01:21:37+03	exogreatfan@gmail.com	+79933294134	users/2025-01-20_01.33.45.jpg	ОнлиCats кошечки Буси	2025-01-19	t	t	\N
3	Тиль Линдеманн	\N	f	Тиль	Линдеманн	f	t	2025-01-13 19:41:36+03	till.lindemann@gmail.com	+77777777777	users/Тиль.jpg	Солист популярной группы "Раммштайн"	2025-01-13	f	f	\N
1	pbkdf2_sha256$870000$dWIUNqqA6gCt1GQ5UtaJ81$tm+R3IS2+VJxjHolWq4KuQNl8J691hL6SL5VuKhacKM=	2025-01-21 00:53:02.00783+03	t	admin	admin	t	t	2025-01-03 21:53:14+03	admin@example.com	+79999999999	users/man-inscription-admin-icon-outline-600nw-1730974153_8M7xlAR.webp	админ	2025-01-13	t	t	\N
5	pbkdf2_sha256$870000$Rr2GA8px0SFGaKTaezaWHb$j3+JgvSGrN7N3uLDTeIF8nCf1lDGf0dVuCnl2z1T3CA=	2025-01-20 00:24:54+03	f	Тестовый	Тестовый	f	t	2025-01-18 16:47:27+03	testov@test.com	+722222222222		пароль uf60wFP–=aqL{7=	2025-01-18	f	t	\N
8	pbkdf2_sha256$870000$R5UARY40NfbdcA7oGO6DeP$4OetZvVKQfaMBr1MieOI+K8mEshFGFhTlLHtbOkQHkw=	2025-01-21 01:32:27.347731+03	f	Test	Testoviy	f	t	2025-01-21 00:56:55.122285+03	september@gmail.com	+71122334455		\N	2025-01-20	f	f	\N
2	pbkdf2_sha256$870000$yvErh58sgVtToAXisVTjF1$6J/9sOu9/ZR/eTgvJPtQWQMxX/S5IRRVTJFp1VpGhbo=	2025-01-20 20:48:23+03	f	Михаил	Севостьянов	f	t	2025-01-09 23:40:12+03	sevamihael141095@gmail.com	+71111111111		849195a513462db6	2025-01-13	f	f	\N
4	pbkdf2_sha256$870000$hI6Cekj34jJ1v2t14HzSjY$9y3WKz5JvZ3BafCojliXAhkDyV8cuS+4WkYazOBXCko=	2025-01-18 16:38:17+03	f	Геннадий	Горин	f	t	2025-01-18 16:33:57+03	test@test.com	+79933225680			2025-01-18	f	f	\N
6	pbkdf2_sha256$870000$US47poMeAZuWrrylbZZlXN$nT4nKnWazaw+nydwjJm1qQbc0VXKFlOTeNAkWdpYfG0=	2025-01-19 20:32:17+03	f	Valentin	Петров	f	t	2025-01-18 17:00:29+03	test@t1st.com	+79379992	users/f2ugTKyrBAY.jpg	пароль - OYP30!eyd.JWzZ~	2025-01-18	f	t	\N
\.


--
-- Data for Name: users_user_groups; Type: TABLE DATA; Schema: public; Owner: postgres
--

COPY public.users_user_groups (id, user_id, group_id) FROM stdin;
1	1	1
\.


--
-- Data for Name: users_user_user_permissions; Type: TABLE DATA; Schema: public; Owner: postgres
--

COPY public.users_user_user_permissions (id, user_id, permission_id) FROM stdin;
\.


--
-- Name: auth_group_id_seq; Type: SEQUENCE SET; Schema: public; Owner: postgres
--

SELECT pg_catalog.setval('public.auth_group_id_seq', 1, true);


--
-- Name: auth_group_permissions_id_seq; Type: SEQUENCE SET; Schema: public; Owner: postgres
--

SELECT pg_catalog.setval('public.auth_group_permissions_id_seq', 12, true);


--
-- Name: auth_permission_id_seq; Type: SEQUENCE SET; Schema: public; Owner: postgres
--

SELECT pg_catalog.setval('public.auth_permission_id_seq', 68, true);


--
-- Name: django_admin_log_id_seq; Type: SEQUENCE SET; Schema: public; Owner: postgres
--

SELECT pg_catalog.setval('public.django_admin_log_id_seq', 493, true);


--
-- Name: django_celery_beat_clockedschedule_id_seq; Type: SEQUENCE SET; Schema: public; Owner: postgres
--

SELECT pg_catalog.setval('public.django_celery_beat_clockedschedule_id_seq', 1, false);


--
-- Name: django_celery_beat_crontabschedule_id_seq; Type: SEQUENCE SET; Schema: public; Owner: postgres
--

SELECT pg_catalog.setval('public.django_celery_beat_crontabschedule_id_seq', 1, false);


--
-- Name: django_celery_beat_intervalschedule_id_seq; Type: SEQUENCE SET; Schema: public; Owner: postgres
--

SELECT pg_catalog.setval('public.django_celery_beat_intervalschedule_id_seq', 1, false);


--
-- Name: django_celery_beat_periodictask_id_seq; Type: SEQUENCE SET; Schema: public; Owner: postgres
--

SELECT pg_catalog.setval('public.django_celery_beat_periodictask_id_seq', 1, false);


--
-- Name: django_celery_beat_solarschedule_id_seq; Type: SEQUENCE SET; Schema: public; Owner: postgres
--

SELECT pg_catalog.setval('public.django_celery_beat_solarschedule_id_seq', 1, false);


--
-- Name: django_content_type_id_seq; Type: SEQUENCE SET; Schema: public; Owner: postgres
--

SELECT pg_catalog.setval('public.django_content_type_id_seq', 16, true);


--
-- Name: django_migrations_id_seq; Type: SEQUENCE SET; Schema: public; Owner: postgres
--

SELECT pg_catalog.setval('public.django_migrations_id_seq', 65, true);


--
-- Name: profitpages_content_id_seq; Type: SEQUENCE SET; Schema: public; Owner: postgres
--

SELECT pg_catalog.setval('public.profitpages_content_id_seq', 11, true);


--
-- Name: profitpages_publisher_id_seq; Type: SEQUENCE SET; Schema: public; Owner: postgres
--

SELECT pg_catalog.setval('public.profitpages_publisher_id_seq', 13, true);


--
-- Name: profitpages_subscription_id_seq; Type: SEQUENCE SET; Schema: public; Owner: postgres
--

SELECT pg_catalog.setval('public.profitpages_subscription_id_seq', 2, true);


--
-- Name: users_payment_id_seq; Type: SEQUENCE SET; Schema: public; Owner: postgres
--

SELECT pg_catalog.setval('public.users_payment_id_seq', 420, true);


--
-- Name: users_user_groups_id_seq; Type: SEQUENCE SET; Schema: public; Owner: postgres
--

SELECT pg_catalog.setval('public.users_user_groups_id_seq', 1, true);


--
-- Name: users_user_id_seq; Type: SEQUENCE SET; Schema: public; Owner: postgres
--

SELECT pg_catalog.setval('public.users_user_id_seq', 8, true);


--
-- Name: users_user_user_permissions_id_seq; Type: SEQUENCE SET; Schema: public; Owner: postgres
--

SELECT pg_catalog.setval('public.users_user_user_permissions_id_seq', 1, false);


--
-- Name: auth_group auth_group_name_key; Type: CONSTRAINT; Schema: public; Owner: postgres
--

ALTER TABLE ONLY public.auth_group
    ADD CONSTRAINT auth_group_name_key UNIQUE (name);


--
-- Name: auth_group_permissions auth_group_permissions_group_id_permission_id_0cd325b0_uniq; Type: CONSTRAINT; Schema: public; Owner: postgres
--

ALTER TABLE ONLY public.auth_group_permissions
    ADD CONSTRAINT auth_group_permissions_group_id_permission_id_0cd325b0_uniq UNIQUE (group_id, permission_id);


--
-- Name: auth_group_permissions auth_group_permissions_pkey; Type: CONSTRAINT; Schema: public; Owner: postgres
--

ALTER TABLE ONLY public.auth_group_permissions
    ADD CONSTRAINT auth_group_permissions_pkey PRIMARY KEY (id);


--
-- Name: auth_group auth_group_pkey; Type: CONSTRAINT; Schema: public; Owner: postgres
--

ALTER TABLE ONLY public.auth_group
    ADD CONSTRAINT auth_group_pkey PRIMARY KEY (id);


--
-- Name: auth_permission auth_permission_content_type_id_codename_01ab375a_uniq; Type: CONSTRAINT; Schema: public; Owner: postgres
--

ALTER TABLE ONLY public.auth_permission
    ADD CONSTRAINT auth_permission_content_type_id_codename_01ab375a_uniq UNIQUE (content_type_id, codename);


--
-- Name: auth_permission auth_permission_pkey; Type: CONSTRAINT; Schema: public; Owner: postgres
--

ALTER TABLE ONLY public.auth_permission
    ADD CONSTRAINT auth_permission_pkey PRIMARY KEY (id);


--
-- Name: django_admin_log django_admin_log_pkey; Type: CONSTRAINT; Schema: public; Owner: postgres
--

ALTER TABLE ONLY public.django_admin_log
    ADD CONSTRAINT django_admin_log_pkey PRIMARY KEY (id);


--
-- Name: django_celery_beat_clockedschedule django_celery_beat_clockedschedule_pkey; Type: CONSTRAINT; Schema: public; Owner: postgres
--

ALTER TABLE ONLY public.django_celery_beat_clockedschedule
    ADD CONSTRAINT django_celery_beat_clockedschedule_pkey PRIMARY KEY (id);


--
-- Name: django_celery_beat_crontabschedule django_celery_beat_crontabschedule_pkey; Type: CONSTRAINT; Schema: public; Owner: postgres
--

ALTER TABLE ONLY public.django_celery_beat_crontabschedule
    ADD CONSTRAINT django_celery_beat_crontabschedule_pkey PRIMARY KEY (id);


--
-- Name: django_celery_beat_intervalschedule django_celery_beat_intervalschedule_pkey; Type: CONSTRAINT; Schema: public; Owner: postgres
--

ALTER TABLE ONLY public.django_celery_beat_intervalschedule
    ADD CONSTRAINT django_celery_beat_intervalschedule_pkey PRIMARY KEY (id);


--
-- Name: django_celery_beat_periodictask django_celery_beat_periodictask_name_key; Type: CONSTRAINT; Schema: public; Owner: postgres
--

ALTER TABLE ONLY public.django_celery_beat_periodictask
    ADD CONSTRAINT django_celery_beat_periodictask_name_key UNIQUE (name);


--
-- Name: django_celery_beat_periodictask django_celery_beat_periodictask_pkey; Type: CONSTRAINT; Schema: public; Owner: postgres
--

ALTER TABLE ONLY public.django_celery_beat_periodictask
    ADD CONSTRAINT django_celery_beat_periodictask_pkey PRIMARY KEY (id);


--
-- Name: django_celery_beat_periodictasks django_celery_beat_periodictasks_pkey; Type: CONSTRAINT; Schema: public; Owner: postgres
--

ALTER TABLE ONLY public.django_celery_beat_periodictasks
    ADD CONSTRAINT django_celery_beat_periodictasks_pkey PRIMARY KEY (ident);


--
-- Name: django_celery_beat_solarschedule django_celery_beat_solar_event_latitude_longitude_ba64999a_uniq; Type: CONSTRAINT; Schema: public; Owner: postgres
--

ALTER TABLE ONLY public.django_celery_beat_solarschedule
    ADD CONSTRAINT django_celery_beat_solar_event_latitude_longitude_ba64999a_uniq UNIQUE (event, latitude, longitude);


--
-- Name: django_celery_beat_solarschedule django_celery_beat_solarschedule_pkey; Type: CONSTRAINT; Schema: public; Owner: postgres
--

ALTER TABLE ONLY public.django_celery_beat_solarschedule
    ADD CONSTRAINT django_celery_beat_solarschedule_pkey PRIMARY KEY (id);


--
-- Name: django_content_type django_content_type_app_label_model_76bd3d3b_uniq; Type: CONSTRAINT; Schema: public; Owner: postgres
--

ALTER TABLE ONLY public.django_content_type
    ADD CONSTRAINT django_content_type_app_label_model_76bd3d3b_uniq UNIQUE (app_label, model);


--
-- Name: django_content_type django_content_type_pkey; Type: CONSTRAINT; Schema: public; Owner: postgres
--

ALTER TABLE ONLY public.django_content_type
    ADD CONSTRAINT django_content_type_pkey PRIMARY KEY (id);


--
-- Name: django_migrations django_migrations_pkey; Type: CONSTRAINT; Schema: public; Owner: postgres
--

ALTER TABLE ONLY public.django_migrations
    ADD CONSTRAINT django_migrations_pkey PRIMARY KEY (id);


--
-- Name: django_session django_session_pkey; Type: CONSTRAINT; Schema: public; Owner: postgres
--

ALTER TABLE ONLY public.django_session
    ADD CONSTRAINT django_session_pkey PRIMARY KEY (session_key);


--
-- Name: profitpages_publication profitpages_content_pkey; Type: CONSTRAINT; Schema: public; Owner: postgres
--

ALTER TABLE ONLY public.profitpages_publication
    ADD CONSTRAINT profitpages_content_pkey PRIMARY KEY (id);


--
-- Name: profitpages_publisher profitpages_publisher_pkey; Type: CONSTRAINT; Schema: public; Owner: postgres
--

ALTER TABLE ONLY public.profitpages_publisher
    ADD CONSTRAINT profitpages_publisher_pkey PRIMARY KEY (id);


--
-- Name: profitpages_subscription profitpages_subscription_pkey; Type: CONSTRAINT; Schema: public; Owner: postgres
--

ALTER TABLE ONLY public.profitpages_subscription
    ADD CONSTRAINT profitpages_subscription_pkey PRIMARY KEY (id);


--
-- Name: users_payment users_payment_pkey; Type: CONSTRAINT; Schema: public; Owner: postgres
--

ALTER TABLE ONLY public.users_payment
    ADD CONSTRAINT users_payment_pkey PRIMARY KEY (id);


--
-- Name: users_user users_user_email_key; Type: CONSTRAINT; Schema: public; Owner: postgres
--

ALTER TABLE ONLY public.users_user
    ADD CONSTRAINT users_user_email_key UNIQUE (email);


--
-- Name: users_user_groups users_user_groups_pkey; Type: CONSTRAINT; Schema: public; Owner: postgres
--

ALTER TABLE ONLY public.users_user_groups
    ADD CONSTRAINT users_user_groups_pkey PRIMARY KEY (id);


--
-- Name: users_user_groups users_user_groups_user_id_group_id_b88eab82_uniq; Type: CONSTRAINT; Schema: public; Owner: postgres
--

ALTER TABLE ONLY public.users_user_groups
    ADD CONSTRAINT users_user_groups_user_id_group_id_b88eab82_uniq UNIQUE (user_id, group_id);


--
-- Name: users_user users_user_phone_fe37f55c_uniq; Type: CONSTRAINT; Schema: public; Owner: postgres
--

ALTER TABLE ONLY public.users_user
    ADD CONSTRAINT users_user_phone_fe37f55c_uniq UNIQUE (phone);


--
-- Name: users_user users_user_pkey; Type: CONSTRAINT; Schema: public; Owner: postgres
--

ALTER TABLE ONLY public.users_user
    ADD CONSTRAINT users_user_pkey PRIMARY KEY (id);


--
-- Name: users_user_user_permissions users_user_user_permissions_pkey; Type: CONSTRAINT; Schema: public; Owner: postgres
--

ALTER TABLE ONLY public.users_user_user_permissions
    ADD CONSTRAINT users_user_user_permissions_pkey PRIMARY KEY (id);


--
-- Name: users_user_user_permissions users_user_user_permissions_user_id_permission_id_43338c45_uniq; Type: CONSTRAINT; Schema: public; Owner: postgres
--

ALTER TABLE ONLY public.users_user_user_permissions
    ADD CONSTRAINT users_user_user_permissions_user_id_permission_id_43338c45_uniq UNIQUE (user_id, permission_id);


--
-- Name: auth_group_name_a6ea08ec_like; Type: INDEX; Schema: public; Owner: postgres
--

CREATE INDEX auth_group_name_a6ea08ec_like ON public.auth_group USING btree (name varchar_pattern_ops);


--
-- Name: auth_group_permissions_group_id_b120cbf9; Type: INDEX; Schema: public; Owner: postgres
--

CREATE INDEX auth_group_permissions_group_id_b120cbf9 ON public.auth_group_permissions USING btree (group_id);


--
-- Name: auth_group_permissions_permission_id_84c5c92e; Type: INDEX; Schema: public; Owner: postgres
--

CREATE INDEX auth_group_permissions_permission_id_84c5c92e ON public.auth_group_permissions USING btree (permission_id);


--
-- Name: auth_permission_content_type_id_2f476e4b; Type: INDEX; Schema: public; Owner: postgres
--

CREATE INDEX auth_permission_content_type_id_2f476e4b ON public.auth_permission USING btree (content_type_id);


--
-- Name: django_admin_log_content_type_id_c4bce8eb; Type: INDEX; Schema: public; Owner: postgres
--

CREATE INDEX django_admin_log_content_type_id_c4bce8eb ON public.django_admin_log USING btree (content_type_id);


--
-- Name: django_admin_log_user_id_c564eba6; Type: INDEX; Schema: public; Owner: postgres
--

CREATE INDEX django_admin_log_user_id_c564eba6 ON public.django_admin_log USING btree (user_id);


--
-- Name: django_celery_beat_periodictask_clocked_id_47a69f82; Type: INDEX; Schema: public; Owner: postgres
--

CREATE INDEX django_celery_beat_periodictask_clocked_id_47a69f82 ON public.django_celery_beat_periodictask USING btree (clocked_id);


--
-- Name: django_celery_beat_periodictask_crontab_id_d3cba168; Type: INDEX; Schema: public; Owner: postgres
--

CREATE INDEX django_celery_beat_periodictask_crontab_id_d3cba168 ON public.django_celery_beat_periodictask USING btree (crontab_id);


--
-- Name: django_celery_beat_periodictask_interval_id_a8ca27da; Type: INDEX; Schema: public; Owner: postgres
--

CREATE INDEX django_celery_beat_periodictask_interval_id_a8ca27da ON public.django_celery_beat_periodictask USING btree (interval_id);


--
-- Name: django_celery_beat_periodictask_name_265a36b7_like; Type: INDEX; Schema: public; Owner: postgres
--

CREATE INDEX django_celery_beat_periodictask_name_265a36b7_like ON public.django_celery_beat_periodictask USING btree (name varchar_pattern_ops);


--
-- Name: django_celery_beat_periodictask_solar_id_a87ce72c; Type: INDEX; Schema: public; Owner: postgres
--

CREATE INDEX django_celery_beat_periodictask_solar_id_a87ce72c ON public.django_celery_beat_periodictask USING btree (solar_id);


--
-- Name: django_session_expire_date_a5c62663; Type: INDEX; Schema: public; Owner: postgres
--

CREATE INDEX django_session_expire_date_a5c62663 ON public.django_session USING btree (expire_date);


--
-- Name: django_session_session_key_c0390e0f_like; Type: INDEX; Schema: public; Owner: postgres
--

CREATE INDEX django_session_session_key_c0390e0f_like ON public.django_session USING btree (session_key varchar_pattern_ops);


--
-- Name: profitpages_content_publisher_id_7502d4e6; Type: INDEX; Schema: public; Owner: postgres
--

CREATE INDEX profitpages_content_publisher_id_7502d4e6 ON public.profitpages_publication USING btree (publisher_id);


--
-- Name: profitpages_publisher_user_id_32dea1d2; Type: INDEX; Schema: public; Owner: postgres
--

CREATE INDEX profitpages_publisher_user_id_32dea1d2 ON public.profitpages_publisher USING btree (user_id);


--
-- Name: profitpages_subscription_user_id_2004d934; Type: INDEX; Schema: public; Owner: postgres
--

CREATE INDEX profitpages_subscription_user_id_2004d934 ON public.profitpages_subscription USING btree (user_id);


--
-- Name: users_payment_user_id_391ed321; Type: INDEX; Schema: public; Owner: postgres
--

CREATE INDEX users_payment_user_id_391ed321 ON public.users_payment USING btree (user_id);


--
-- Name: users_user_email_243f6e77_like; Type: INDEX; Schema: public; Owner: postgres
--

CREATE INDEX users_user_email_243f6e77_like ON public.users_user USING btree (email varchar_pattern_ops);


--
-- Name: users_user_groups_group_id_9afc8d0e; Type: INDEX; Schema: public; Owner: postgres
--

CREATE INDEX users_user_groups_group_id_9afc8d0e ON public.users_user_groups USING btree (group_id);


--
-- Name: users_user_groups_user_id_5f6f5a90; Type: INDEX; Schema: public; Owner: postgres
--

CREATE INDEX users_user_groups_user_id_5f6f5a90 ON public.users_user_groups USING btree (user_id);


--
-- Name: users_user_phone_fe37f55c_like; Type: INDEX; Schema: public; Owner: postgres
--

CREATE INDEX users_user_phone_fe37f55c_like ON public.users_user USING btree (phone varchar_pattern_ops);


--
-- Name: users_user_user_permissions_permission_id_0b93982e; Type: INDEX; Schema: public; Owner: postgres
--

CREATE INDEX users_user_user_permissions_permission_id_0b93982e ON public.users_user_user_permissions USING btree (permission_id);


--
-- Name: users_user_user_permissions_user_id_20aca447; Type: INDEX; Schema: public; Owner: postgres
--

CREATE INDEX users_user_user_permissions_user_id_20aca447 ON public.users_user_user_permissions USING btree (user_id);


--
-- Name: auth_group_permissions auth_group_permissio_permission_id_84c5c92e_fk_auth_perm; Type: FK CONSTRAINT; Schema: public; Owner: postgres
--

ALTER TABLE ONLY public.auth_group_permissions
    ADD CONSTRAINT auth_group_permissio_permission_id_84c5c92e_fk_auth_perm FOREIGN KEY (permission_id) REFERENCES public.auth_permission(id) DEFERRABLE INITIALLY DEFERRED;


--
-- Name: auth_group_permissions auth_group_permissions_group_id_b120cbf9_fk_auth_group_id; Type: FK CONSTRAINT; Schema: public; Owner: postgres
--

ALTER TABLE ONLY public.auth_group_permissions
    ADD CONSTRAINT auth_group_permissions_group_id_b120cbf9_fk_auth_group_id FOREIGN KEY (group_id) REFERENCES public.auth_group(id) DEFERRABLE INITIALLY DEFERRED;


--
-- Name: auth_permission auth_permission_content_type_id_2f476e4b_fk_django_co; Type: FK CONSTRAINT; Schema: public; Owner: postgres
--

ALTER TABLE ONLY public.auth_permission
    ADD CONSTRAINT auth_permission_content_type_id_2f476e4b_fk_django_co FOREIGN KEY (content_type_id) REFERENCES public.django_content_type(id) DEFERRABLE INITIALLY DEFERRED;


--
-- Name: django_admin_log django_admin_log_content_type_id_c4bce8eb_fk_django_co; Type: FK CONSTRAINT; Schema: public; Owner: postgres
--

ALTER TABLE ONLY public.django_admin_log
    ADD CONSTRAINT django_admin_log_content_type_id_c4bce8eb_fk_django_co FOREIGN KEY (content_type_id) REFERENCES public.django_content_type(id) DEFERRABLE INITIALLY DEFERRED;


--
-- Name: django_admin_log django_admin_log_user_id_c564eba6_fk_users_user_id; Type: FK CONSTRAINT; Schema: public; Owner: postgres
--

ALTER TABLE ONLY public.django_admin_log
    ADD CONSTRAINT django_admin_log_user_id_c564eba6_fk_users_user_id FOREIGN KEY (user_id) REFERENCES public.users_user(id) DEFERRABLE INITIALLY DEFERRED;


--
-- Name: django_celery_beat_periodictask django_celery_beat_p_clocked_id_47a69f82_fk_django_ce; Type: FK CONSTRAINT; Schema: public; Owner: postgres
--

ALTER TABLE ONLY public.django_celery_beat_periodictask
    ADD CONSTRAINT django_celery_beat_p_clocked_id_47a69f82_fk_django_ce FOREIGN KEY (clocked_id) REFERENCES public.django_celery_beat_clockedschedule(id) DEFERRABLE INITIALLY DEFERRED;


--
-- Name: django_celery_beat_periodictask django_celery_beat_p_crontab_id_d3cba168_fk_django_ce; Type: FK CONSTRAINT; Schema: public; Owner: postgres
--

ALTER TABLE ONLY public.django_celery_beat_periodictask
    ADD CONSTRAINT django_celery_beat_p_crontab_id_d3cba168_fk_django_ce FOREIGN KEY (crontab_id) REFERENCES public.django_celery_beat_crontabschedule(id) DEFERRABLE INITIALLY DEFERRED;


--
-- Name: django_celery_beat_periodictask django_celery_beat_p_interval_id_a8ca27da_fk_django_ce; Type: FK CONSTRAINT; Schema: public; Owner: postgres
--

ALTER TABLE ONLY public.django_celery_beat_periodictask
    ADD CONSTRAINT django_celery_beat_p_interval_id_a8ca27da_fk_django_ce FOREIGN KEY (interval_id) REFERENCES public.django_celery_beat_intervalschedule(id) DEFERRABLE INITIALLY DEFERRED;


--
-- Name: django_celery_beat_periodictask django_celery_beat_p_solar_id_a87ce72c_fk_django_ce; Type: FK CONSTRAINT; Schema: public; Owner: postgres
--

ALTER TABLE ONLY public.django_celery_beat_periodictask
    ADD CONSTRAINT django_celery_beat_p_solar_id_a87ce72c_fk_django_ce FOREIGN KEY (solar_id) REFERENCES public.django_celery_beat_solarschedule(id) DEFERRABLE INITIALLY DEFERRED;


--
-- Name: profitpages_publication profitpages_content_publisher_id_7502d4e6_fk_profitpag; Type: FK CONSTRAINT; Schema: public; Owner: postgres
--

ALTER TABLE ONLY public.profitpages_publication
    ADD CONSTRAINT profitpages_content_publisher_id_7502d4e6_fk_profitpag FOREIGN KEY (publisher_id) REFERENCES public.profitpages_publisher(id) DEFERRABLE INITIALLY DEFERRED;


--
-- Name: profitpages_publisher profitpages_publisher_user_id_32dea1d2_fk_users_user_id; Type: FK CONSTRAINT; Schema: public; Owner: postgres
--

ALTER TABLE ONLY public.profitpages_publisher
    ADD CONSTRAINT profitpages_publisher_user_id_32dea1d2_fk_users_user_id FOREIGN KEY (user_id) REFERENCES public.users_user(id) DEFERRABLE INITIALLY DEFERRED;


--
-- Name: profitpages_subscription profitpages_subscription_user_id_2004d934_fk_users_user_id; Type: FK CONSTRAINT; Schema: public; Owner: postgres
--

ALTER TABLE ONLY public.profitpages_subscription
    ADD CONSTRAINT profitpages_subscription_user_id_2004d934_fk_users_user_id FOREIGN KEY (user_id) REFERENCES public.users_user(id) DEFERRABLE INITIALLY DEFERRED;


--
-- Name: users_payment users_payment_user_id_391ed321_fk_users_user_id; Type: FK CONSTRAINT; Schema: public; Owner: postgres
--

ALTER TABLE ONLY public.users_payment
    ADD CONSTRAINT users_payment_user_id_391ed321_fk_users_user_id FOREIGN KEY (user_id) REFERENCES public.users_user(id) DEFERRABLE INITIALLY DEFERRED;


--
-- Name: users_user_groups users_user_groups_group_id_9afc8d0e_fk_auth_group_id; Type: FK CONSTRAINT; Schema: public; Owner: postgres
--

ALTER TABLE ONLY public.users_user_groups
    ADD CONSTRAINT users_user_groups_group_id_9afc8d0e_fk_auth_group_id FOREIGN KEY (group_id) REFERENCES public.auth_group(id) DEFERRABLE INITIALLY DEFERRED;


--
-- Name: users_user_groups users_user_groups_user_id_5f6f5a90_fk_users_user_id; Type: FK CONSTRAINT; Schema: public; Owner: postgres
--

ALTER TABLE ONLY public.users_user_groups
    ADD CONSTRAINT users_user_groups_user_id_5f6f5a90_fk_users_user_id FOREIGN KEY (user_id) REFERENCES public.users_user(id) DEFERRABLE INITIALLY DEFERRED;


--
-- Name: users_user_user_permissions users_user_user_perm_permission_id_0b93982e_fk_auth_perm; Type: FK CONSTRAINT; Schema: public; Owner: postgres
--

ALTER TABLE ONLY public.users_user_user_permissions
    ADD CONSTRAINT users_user_user_perm_permission_id_0b93982e_fk_auth_perm FOREIGN KEY (permission_id) REFERENCES public.auth_permission(id) DEFERRABLE INITIALLY DEFERRED;


--
-- Name: users_user_user_permissions users_user_user_permissions_user_id_20aca447_fk_users_user_id; Type: FK CONSTRAINT; Schema: public; Owner: postgres
--

ALTER TABLE ONLY public.users_user_user_permissions
    ADD CONSTRAINT users_user_user_permissions_user_id_20aca447_fk_users_user_id FOREIGN KEY (user_id) REFERENCES public.users_user(id) DEFERRABLE INITIALLY DEFERRED;


--
-- PostgreSQL database dump complete
--

